Date_Time,TempC,DewPoint,Rel_Hum,PresskPa,PM1_0,PM2_5,PM4,PM10
1/1/2012 0:00,-1.8,-3.9,86,101.24,0.705420718,1.96,3.981362667,7.472201713
1/1/2012 1:00,-1.8,-3.7,87,101.24,0.493349423,0.42,1.530592723,8.877287304
1/1/2012 2:00,-1.8,-3.4,89,101.26,0.465161651,0.36,1.501855855,2.212635066
1/1/2012 3:00,-1.5,-3.2,88,101.27,0.603305085,0.34,1.34213579,1.332513946
1/1/2012 4:00,-1.5,-3.3,88,101.23,0.917878157,2.15,1.208850405,3.751560629
1/1/2012 5:00,-1.4,-3.3,87,101.27,0.337410082,0.78,3.762186611,7.493121122
1/1/2012 6:00,-1.5,-3.1,89,101.29,0.32423356,2.25,0.338934403,3.427593225
1/1/2012 7:00,-1.4,-3.6,85,101.26,0.377361183,0.71,3.548280233,2.378703226
1/1/2012 8:00,-1.4,-3.6,85,101.23,0.791397846,1.8,2.127915587,6.881863448
1/1/2012 9:00,-1.3,-3.1,88,101.2,0.881976146,1,2.624148853,2.15376
1/1/2012 10:00,-1,-2.3,91,101.15,0.868491094,0.59,0.891547817,4.134458909
1/1/2012 11:00,-0.5,-2.1,89,100.98,0.941866263,1.28,3.981150595,9.321149571
1/1/2012 12:00,-0.2,-2,88,100.79,0.428986226,0.56,3.142591734,2.57419371
1/1/2012 13:00,0.2,-1.7,87,100.58,0.305711511,0.82,1.539745802,8.201724887
1/1/2012 14:00,0.8,-1.1,87,100.31,0.571845515,0.47,3.882775281,6.824908985
1/1/2012 15:00,1.8,-0.4,85,100.07,0.567538239,1.18,2.343844248,3.370200894
1/1/2012 16:00,2.6,-0.2,82,99.93,0.645000221,0.75,1.472087087,1.483937658
1/1/2012 17:00,3,0,81,99.81,0.551888832,0.46,1.557056231,0.305736315
1/1/2012 18:00,3.8,1,82,99.74,0.477991521,1.41,3.968177926,7.672214941
1/1/2012 19:00,3.1,1.3,88,99.68,0.618951597,0.44,2.292765026,5.493723593
1/1/2012 20:00,3.2,1.3,87,99.5,0.326540216,0.6,2.286360969,2.209008492
1/1/2012 21:00,4,1.7,85,99.39,0.426003809,2.23,0.487224234,1.072123426
1/1/2012 22:00,4.4,1.9,84,99.32,0.583979539,0.93,1.42555758,2.273866241
1/1/2012 23:00,5.3,2,79,99.31,0.577598286,0.79,2.500931818,7.791252226
1/2/2012 0:00,5.2,1.5,77,99.26,0.808502507,0.37,2.269651298,9.221078644
1/2/2012 1:00,4.6,0,72,99.26,0.488209394,2.5,2.219273527,2.110801803
1/2/2012 2:00,3.9,-0.9,71,99.26,0.785606525,1.08,3.080980518,0.66140118
1/2/2012 3:00,3.7,-1.5,69,99.3,0.925200231,2.37,2.342710431,7.473914777
1/2/2012 4:00,2.9,-2.3,69,99.26,0.873562494,2.29,1.645731607,9.188087837
1/2/2012 5:00,2.6,-2.3,70,99.21,0.761900035,1.41,1.687438227,3.806755318
1/2/2012 6:00,2.3,-2.6,70,99.18,0.50622837,1.22,1.816226015,4.271926884
1/2/2012 7:00,2,-2.9,70,99.14,0.402873655,1.57,0.48597876,0.913674993
1/2/2012 8:00,1.9,-3.3,68,99.14,0.815106632,1.37,1.850622039,8.471017788
1/2/2012 9:00,1.8,-3.7,67,99.14,0.983442584,2.27,1.246043776,0.967586686
1/2/2012 10:00,1.5,-4.1,66,99.18,0.906758133,1.07,0.721399489,4.018816772
1/2/2012 11:00,2.2,-3.5,66,99.19,0.481211652,0.82,3.781431635,4.010446737
1/2/2012 12:00,1.7,-6.2,56,99.21,0.501576176,1.92,3.842901081,4.726914655
1/2/2012 13:00,1.1,-6.5,57,99.27,0.824939389,2.5,0.699276501,9.08738949
1/2/2012 14:00,1.1,-6.8,56,99.33,0.935227653,0.84,2.358266962,1.489085077
1/2/2012 15:00,0,-7,59,99.41,0.916507993,1.04,2.837761892,8.791887278
1/2/2012 16:00,-0.7,-8.7,55,99.5,0.625889667,2.09,1.490134389,9.507608319
1/2/2012 17:00,-2.1,-9.5,57,99.66,0.472263894,1.26,0.666528114,7.135939402
1/2/2012 18:00,-4.1,-11.4,57,99.86,0.592778696,1.93,3.139337326,9.076807608
1/2/2012 19:00,-4.8,-12.1,57,100,0.316112642,1.63,1.238822134,3.794869665
1/2/2012 20:00,-5.6,-13.4,54,100.07,0.769940523,2.14,1.498634741,1.426479409
1/2/2012 21:00,-5.8,-12.8,58,100.15,0.754221559,0.76,1.897673211,9.944005897
1/2/2012 22:00,-7,-14.7,54,100.26,0.877606113,2.12,2.170070991,3.266145407
1/2/2012 23:00,-7.4,-14.1,59,100.27,0.705340675,0.37,1.34245761,9.741575978
1/3/2012 0:00,-9,-16,57,100.35,0.953895318,1.95,3.410803247,6.583470257
1/3/2012 1:00,-9.7,-17.2,54,100.43,0.526774073,1.71,1.830664523,5.601518323
1/3/2012 2:00,-10.5,-15.8,65,100.53,0.332541153,0.87,3.67174846,5.8924991
1/3/2012 3:00,-11.3,-18.7,54,100.61,0.301171245,1.23,0.40728971,6.228208577
1/3/2012 4:00,-12.6,-20.1,53,100.68,0.889230695,1.14,3.732361669,2.151520551
1/3/2012 5:00,-12.9,-19.1,60,100.76,0.38120204,1.86,3.819767811,4.197768011
1/3/2012 6:00,-13.3,-19.3,61,100.85,0.386583967,2.14,2.517001519,8.516760956
1/3/2012 7:00,-14,-19.5,63,100.95,0.788020732,1.09,1.753992659,1.008443036
1/3/2012 8:00,-14.8,-21.3,58,101.07,0.804456106,0.74,1.343000528,0.944624172
1/3/2012 9:00,-15,-21.9,56,101.2,0.628290457,2.26,1.180991706,0.347094953
1/3/2012 10:00,-15.3,-22.2,56,101.29,0.302865858,2.38,3.284833106,2.762350611
1/3/2012 11:00,-14.9,-22.2,54,101.33,0.797460906,0.83,3.979551247,7.524422018
1/3/2012 12:00,-14.9,-22.6,52,101.34,0.580094711,1.73,2.684841434,5.88942571
1/3/2012 13:00,-15.1,-22.4,54,101.34,0.34305653,1.2,2.395397035,4.801762783
1/3/2012 14:00,-14.9,-22.9,50,101.38,0.379886416,2.4,0.710724597,1.603458787
1/3/2012 15:00,-14.8,-22.2,53,101.44,0.579589053,1.11,1.719788608,0.813520052
1/3/2012 16:00,-15.3,-22.9,52,101.51,0.654646311,1.16,2.55514159,5.907031865
1/3/2012 17:00,-15.8,-23.2,53,101.58,0.664248186,2.16,1.298478554,8.31415532
1/3/2012 18:00,-16.3,-23.8,52,101.64,0.417125016,0.5,3.490796,4.620829191
1/3/2012 19:00,-16.9,-24.8,50,101.74,0.474581056,1.68,2.578367835,8.420947881
1/3/2012 20:00,-17.3,-25.4,49,101.82,0.853736892,1.04,2.806509227,9.388361133
1/3/2012 21:00,-17,-24.6,52,101.86,0.750881375,1.24,1.019904746,3.222176182
1/3/2012 22:00,-17.1,-24.6,52,101.86,0.922400522,1.74,3.451315438,2.101315024
1/3/2012 23:00,-17.3,-24.2,55,101.87,0.8231847,1.05,2.44487986,2.296098689
1/4/2012 0:00,-17.5,-24.2,56,101.88,0.98953912,1.33,2.323239254,6.221920864
1/4/2012 1:00,-17.9,-24.1,58,101.86,0.596105689,0.97,1.902589412,7.754726258
1/4/2012 2:00,-18.1,-23.8,61,101.89,0.478980077,2.02,1.808705893,4.498441897
1/4/2012 3:00,-18.5,-24.6,59,101.88,0.755307168,1.4,3.861155946,5.814374293
1/4/2012 4:00,-18.5,-24.6,59,101.82,0.389514723,2.18,1.795494405,0.553649862
1/4/2012 5:00,-18.6,-24,62,101.77,0.608393412,0.42,2.655572185,9.171196188
1/4/2012 6:00,-18.5,-24.1,61,101.74,0.972662129,2.09,2.727195401,6.361379658
1/4/2012 7:00,-18.2,-24.1,60,101.75,0.957483701,1.61,0.836624219,6.7437623
1/4/2012 8:00,-17.8,-24.2,57,101.73,0.826764199,1.17,3.927139618,3.702196322
1/4/2012 9:00,-16.8,-22.5,61,101.68,0.451458214,1.7,3.363396634,1.519509306
1/4/2012 10:00,-15.2,-20.6,63,101.54,0.708066983,1.25,1.72401167,5.288859963
1/4/2012 11:00,-14.2,-21.1,56,101.41,0.916408042,2.42,0.557551195,4.610214825
1/4/2012 12:00,-13.7,-21.7,51,101.25,0.435474486,0.59,3.557311965,3.891654546
1/4/2012 13:00,-12.4,-20.1,53,101.07,0.548709977,0.33,1.180552045,3.933934853
1/4/2012 14:00,-11.3,-19,53,100.97,0.902101098,0.76,2.618895468,5.16349238
1/4/2012 15:00,-10.2,-16.3,61,100.89,0.408276154,0.55,3.111169753,6.583241941
1/4/2012 16:00,-9.4,-15.5,61,100.79,0.747314812,0.56,1.982796548,7.900996864
1/4/2012 17:00,-8.9,-13.2,71,100.76,0.537567818,2.04,2.557577439,6.58328025
1/4/2012 18:00,-8.9,-12.6,75,100.69,0.328920882,1.63,0.530567833,6.605924601
1/4/2012 19:00,-8.4,-12.7,71,100.65,0.597217734,1.79,2.095425402,1.061089775
1/4/2012 20:00,-7.8,-12.1,71,100.61,0.351433608,1.74,0.851320387,6.529754816
1/4/2012 21:00,-7.6,-11.6,73,100.54,0.900450915,2.25,0.720177971,5.041235987
1/4/2012 22:00,-9.5,-12.7,77,100.5,0.540325804,0.68,3.501450817,0.71981368
1/4/2012 23:00,-9.6,-12.6,79,100.42,0.633843219,1.88,2.548043394,1.354217299
1/5/2012 0:00,-8.8,-11.7,79,100.32,0.818772758,0.36,2.478798708,8.487998951
1/5/2012 1:00,-7.5,-10.2,81,100.29,0.737083651,1.28,2.919744472,2.610950964
1/5/2012 2:00,-5.4,-8.3,80,100.28,0.867943229,1.53,3.050512183,0.490971182
1/5/2012 3:00,-5,-7.7,81,100.24,0.771190099,2.32,3.645487691,2.553058186
1/5/2012 4:00,-4.1,-6.5,83,100.21,0.744347291,1.04,3.457990243,4.369980773
1/5/2012 5:00,-7,-9.5,82,100.19,0.998770491,2.07,1.847004069,9.136498641
1/5/2012 6:00,-8.2,-10.7,82,100.26,0.365892184,1.22,2.719544514,6.889274915
1/5/2012 7:00,-7.1,-9.7,82,100.31,0.872639312,1.18,2.081800788,0.335906634
1/5/2012 8:00,-6.1,-9.1,79,100.39,0.34523309,0.87,3.770031757,3.732809485
1/5/2012 9:00,-6.6,-10.1,76,100.42,0.996256363,1.11,0.596278531,5.198630308
1/5/2012 10:00,-6,-10,73,100.45,0.8149647,1.81,2.350473026,5.307403635
1/5/2012 11:00,-5.6,-10.2,70,100.41,0.74912859,1.24,2.066156173,5.521272739
1/5/2012 12:00,-4.7,-9.6,69,100.38,0.653909128,2.03,0.342118786,7.502638653
1/5/2012 13:00,-4.4,-9.7,66,100.4,0.959824528,0.61,1.267755846,5.273102995
1/5/2012 14:00,-5.1,-10.7,65,100.46,0.53030444,1.18,0.560834592,3.668731528
1/5/2012 15:00,-4.3,-12,55,100.52,0.498724159,2.34,0.559517433,6.516755063
1/5/2012 16:00,-5,-12.7,55,100.6,0.917412574,1.19,0.477277674,4.252928924
1/5/2012 17:00,-6.7,-14.1,56,100.65,0.812745966,1.6,2.169567896,6.923238052
1/5/2012 18:00,-7.1,-14.4,56,100.71,0.594059798,1.93,2.423646892,2.769316863
1/5/2012 19:00,-9.2,-15.4,61,100.8,0.510536787,0.31,2.030635373,7.282074997
1/5/2012 20:00,-9.8,-15.7,62,100.83,0.508107737,0.48,3.807461798,9.00639259
1/5/2012 21:00,-9,-14.8,63,100.83,0.341685575,2.05,1.268110622,2.815556831
1/5/2012 22:00,-9.9,-15.7,63,100.85,0.897852902,1.08,2.207546841,5.539663745
1/5/2012 23:00,-9.4,-15.5,61,100.83,0.797578788,0.96,1.98560868,9.439286896
1/6/2012 0:00,-9.6,-16.8,56,100.81,0.525890968,0.49,2.89543145,5.65671431
1/6/2012 1:00,-10,-17.3,55,100.81,0.51065292,0.7,1.469705265,7.6353282
1/6/2012 2:00,-10.5,-16.5,61,100.84,0.535691314,0.96,0.934083873,4.204456706
1/6/2012 3:00,-10.6,-16,64,100.76,0.345926198,2.32,3.146305846,8.228386169
1/6/2012 4:00,-11.3,-16.1,68,100.7,0.305211467,0.88,1.688765892,1.624202085
1/6/2012 5:00,-11.8,-16,71,100.61,0.42604503,0.83,2.469470574,7.115162603
1/6/2012 6:00,-12,-16.2,71,100.58,0.35580614,1.72,3.905088826,8.745260962
1/6/2012 7:00,-14.4,-16.3,85,100.52,0.434510994,0.9,2.525930131,9.462989398
1/6/2012 8:00,-12.3,-16.2,73,100.51,0.493546208,1.29,2.500387428,9.741700686
1/6/2012 9:00,-12.5,-16.7,71,100.53,0.972480772,1.74,2.122697443,2.047999736
1/6/2012 10:00,-12.3,-16.3,72,100.47,0.833829489,1.15,0.567387638,9.381411129
1/6/2012 11:00,-12,-16,72,100.36,0.536279577,1.81,3.944553867,4.217722112
1/6/2012 12:00,-11.7,-15.4,74,100.23,0.849621125,1.33,0.570123235,0.971863295
1/6/2012 13:00,-11.9,-15.6,74,100.13,0.683974263,1.51,3.220017585,2.296143371
1/6/2012 14:00,-11.2,-14.8,75,100.07,0.324046928,1.99,2.004359578,3.22438366
1/6/2012 15:00,-11.5,-14.4,79,100.06,0.42762251,1.56,1.450017524,1.854944669
1/6/2012 16:00,-11.6,-14.7,78,100.1,0.785082096,1.03,0.612557483,1.924683025
1/6/2012 17:00,-11.2,-14.3,78,100.15,0.560113358,1.12,2.665369485,8.519293388
1/6/2012 18:00,-10.5,-13.6,78,100.12,0.683846888,1.86,2.889905929,8.986784298
1/6/2012 19:00,-10.5,-13.4,79,100.13,0.649742905,0.92,0.427893279,7.047399353
1/6/2012 20:00,-10.2,-13,80,100.15,0.711727741,2.06,2.031277484,0.32309614
1/6/2012 21:00,-9.5,-12.5,79,100.13,0.808530518,2.19,2.463521571,0.400989166
1/6/2012 22:00,-9.3,-12.2,79,100.16,0.514864164,0.6,1.022561128,8.970132435
1/6/2012 23:00,-9,-12,79,100.15,0.479696112,1.89,3.768157512,5.643356642
1/7/2012 0:00,-8.7,-11.7,79,100.13,0.622099887,1.14,1.389543653,6.5530613
1/7/2012 1:00,-8.5,-11.4,80,100.11,0.683394777,2.48,0.612646841,7.545167369
1/7/2012 2:00,-8.1,-11.1,79,100.15,0.551603781,0.6,2.09176673,2.763859395
1/7/2012 3:00,-7.8,-10.8,79,100.12,0.875762261,1.67,3.760402492,9.504981085
1/7/2012 4:00,-7.5,-10.5,79,100.1,0.865775862,1.9,0.714451098,5.390203683
1/7/2012 5:00,-6.9,-9.7,80,100.12,0.40185889,1.84,3.880440278,7.790844163
1/7/2012 6:00,-6.7,-9.5,80,100.12,0.873206857,1.73,3.600762811,9.45768501
1/7/2012 7:00,-7,-9.7,81,100.16,0.726503604,1.35,2.911239246,7.917273967
1/7/2012 8:00,-6.4,-9,82,100.1,0.331076125,2.03,2.108423421,4.23060195
1/7/2012 9:00,-6.1,-8.7,82,100.15,0.364210467,1.61,0.56668403,7.167832268
1/7/2012 10:00,-5.7,-8,84,100.13,0.610357243,0.95,1.097904135,0.694388248
1/7/2012 11:00,-5.4,-7.7,84,100.08,0.704609877,0.33,2.002330757,5.741371993
1/7/2012 12:00,-5.5,-7.8,84,100.05,0.649123171,1.96,2.503828055,1.550365982
1/7/2012 13:00,-4.8,-7.2,83,100.07,0.827215519,1.5,2.853429709,2.663743744
1/7/2012 14:00,-4.4,-6.9,83,100.09,0.979449705,2.02,0.474692472,1.140607552
1/7/2012 15:00,-3.7,-6.1,83,100.09,0.478251628,1.23,3.3791744,8.308641338
1/7/2012 16:00,-3.6,-5.9,84,100.15,0.709707148,0.67,1.664182304,2.720021379
1/7/2012 17:00,-3.1,-5.4,84,100.27,0.647231975,1.74,1.118037188,6.113880632
1/7/2012 18:00,-3.2,-5.3,85,100.33,0.555676203,1.63,1.332041827,0.476519964
1/7/2012 19:00,-3,-5,86,100.41,0.680728514,2.34,2.139353609,2.164967942
1/7/2012 20:00,-1.8,-3.7,87,100.48,0.459914189,1.61,1.90882201,8.509127866
1/7/2012 21:00,-1.3,-3.1,88,100.5,0.565862564,1.61,1.969282436,3.637514048
1/7/2012 22:00,-1.5,-3,89,100.54,0.887893268,2.43,3.551411267,1.263418504
1/7/2012 23:00,0.4,-1.5,87,100.62,0.921759314,0.9,2.83771419,1.855698
1/8/2012 0:00,0.6,-3.2,76,100.72,0.704934625,0.72,3.076492754,2.868942953
1/8/2012 1:00,-0.6,-4.6,74,100.8,0.569468506,0.73,3.549813712,2.551980972
1/8/2012 2:00,-1.7,-6.2,71,100.98,0.951695748,1.71,2.102855253,4.511407172
1/8/2012 3:00,-3.5,-8.3,69,101.13,0.925608846,0.38,0.926683178,9.447742952
1/8/2012 4:00,-4.4,-9.2,69,101.21,0.515968858,1.78,1.662911156,1.847248242
1/8/2012 5:00,-5.9,-10.5,70,101.33,0.426692781,1.22,1.500933101,9.801359343
1/8/2012 6:00,-5.8,-10.8,68,101.47,0.784352035,1.3,3.363980372,9.913356347
1/8/2012 7:00,-5.6,-10.3,69,101.59,0.568596986,1.64,0.583978152,9.256029035
1/8/2012 8:00,-5.9,-10.7,69,101.7,0.745231811,1.84,3.884424602,6.393993805
1/8/2012 9:00,-6.4,-11.9,65,101.81,0.673923665,0.86,2.189083181,6.21740909
1/8/2012 10:00,-6.5,-11.6,67,101.89,0.812273165,1.15,2.12491568,2.329912826
1/8/2012 11:00,-7.1,-12.6,65,101.92,0.953545202,1.54,2.208256766,2.021063735
1/8/2012 12:00,-6.7,-11.9,66,101.9,0.473459204,1.55,3.337342948,4.386682885
1/8/2012 13:00,-6.5,-12.4,63,101.94,0.320202502,2.19,2.449570577,9.530240241
1/8/2012 14:00,-6.5,-12,65,101.97,0.945778932,1.2,1.568276665,7.097112209
1/8/2012 15:00,-6.6,-12.9,61,102.04,0.413287472,0.67,1.918902187,8.312528886
1/8/2012 16:00,-6.6,-13.3,59,102.09,0.466437219,1.77,1.873079134,7.626086162
1/8/2012 17:00,-7.2,-13.8,59,102.17,0.993738734,1.71,2.007782171,5.96671716
1/8/2012 18:00,-8.1,-14.1,62,102.23,0.506016373,1.53,3.36685018,0.352637383
1/8/2012 19:00,-8,-13.9,62,102.26,0.935949348,0.41,1.899255404,7.559473481
1/8/2012 20:00,-8.3,-13.7,65,102.28,0.641950399,0.49,0.448139464,2.553089928
1/8/2012 21:00,-8.3,-13.9,64,102.26,0.586769784,2.46,1.857738245,3.419952857
1/8/2012 22:00,-8.7,-14,65,102.22,0.626324537,0.61,1.755258299,8.269826337
1/8/2012 23:00,-9,-13.9,68,102.22,0.599168295,1.28,3.406291427,0.899830396
1/9/2012 0:00,-9.2,-14.3,66,102.17,0.626444503,1.57,1.510800125,9.613316207
1/9/2012 1:00,-9.8,-14.5,68,102.13,0.331647598,2.47,1.408663238,3.807274076
1/9/2012 2:00,-9,-14.1,66,102.15,0.355158476,1.46,2.048721158,1.694169857
1/9/2012 3:00,-8.8,-13.2,70,102.11,0.622485374,1.78,1.722668166,4.995768812
1/9/2012 4:00,-8.5,-13.2,69,102.02,0.962448318,0.31,1.453603113,0.663054179
1/9/2012 5:00,-8.4,-12.7,71,101.93,0.516552813,1.91,2.825663321,0.6253362
1/9/2012 6:00,-7.7,-11.9,72,101.86,0.497788795,2.1,0.602876496,2.292171608
1/9/2012 7:00,-6.8,-11,72,101.8,0.947395387,1.83,0.741549549,5.228990983
1/9/2012 8:00,-5.9,-10.5,70,101.74,0.907272555,0.52,3.567105987,5.963385199
1/9/2012 9:00,-5.4,-9.2,75,101.68,0.848038137,0.65,2.318704934,2.821035015
1/9/2012 10:00,-4.8,-8.3,76,101.64,0.909914834,1.56,3.884137954,9.887244536
1/9/2012 11:00,-3.7,-7.2,77,101.54,0.985451603,1.1,1.25687755,7.334603202
1/9/2012 12:00,-2.5,-6.6,73,101.4,0.638729997,1.15,3.096127738,6.725433796
1/9/2012 13:00,-1.7,-5.8,74,101.27,0.860576022,0.6,0.308073631,5.971325369
1/9/2012 14:00,-1.4,-5.1,76,101.2,0.974345346,0.96,1.848455601,1.457466529
1/9/2012 15:00,-1,-5.1,74,101.13,0.88240521,0.71,2.885662729,8.552313703
1/9/2012 16:00,-1.3,-5.7,72,101.05,0.664705785,1.42,1.30630057,0.60238807
1/9/2012 17:00,-1.4,-5.8,72,100.96,0.86158741,1.9,1.24249,3.903219683
1/9/2012 18:00,-1,-5.6,71,100.9,0.96229929,0.36,1.723900907,2.123809313
1/9/2012 19:00,-1.1,-5.8,70,100.83,0.451615527,1.58,1.666602954,4.384282743
1/9/2012 20:00,-1.5,-6.2,70,100.77,0.927119145,0.5,3.640074293,8.443582902
1/9/2012 21:00,-1.7,-6.3,71,100.64,0.776124894,2.41,0.617370737,2.07101997
1/9/2012 22:00,-0.3,-6.3,64,100.54,0.902985546,1.07,0.363945712,1.745518572
1/9/2012 23:00,-0.2,-6.1,64,100.45,0.668294747,2.22,1.564367804,4.64710327
1/10/2012 0:00,2.5,-5.2,57,100.38,0.48384082,2.43,0.587728297,2.781473571
1/10/2012 1:00,2.3,-3.4,66,100.28,0.319077697,0.33,1.173351389,6.652518145
1/10/2012 2:00,1.4,-2.5,75,100.23,0.688574573,0.51,0.558130196,1.407998797
1/10/2012 3:00,1.6,-2,77,100.16,0.946671079,1.05,3.460547861,5.425691968
1/10/2012 4:00,1.2,-1.7,81,100.07,0.494394609,1.25,2.130606455,6.72614354
1/10/2012 5:00,0.8,-1.2,86,100.02,0.810815061,2.28,1.308131505,6.079045295
1/10/2012 6:00,0.7,-1.2,87,100.04,0.473613542,2.39,2.899445724,1.423494897
1/10/2012 7:00,1.5,-0.7,85,100.08,0.623042293,0.82,0.485506741,3.393021051
1/10/2012 8:00,1.2,-1.1,85,100.11,0.659473553,0.34,1.231866118,7.609977269
1/10/2012 9:00,1.6,-0.8,84,100.23,0.803417343,1.52,2.261996975,2.300227599
1/10/2012 10:00,2,-0.9,81,100.27,0.685698504,1.39,2.647907373,9.927492575
1/10/2012 11:00,2.6,-1.1,77,100.29,0.494486767,1.66,0.370230291,3.70084444
1/10/2012 12:00,1.4,-3.1,72,100.32,0.684850094,2.25,1.964173252,8.549721011
1/10/2012 13:00,0.7,-5.4,64,100.36,0.748736125,0.62,2.068346119,0.955506089
1/10/2012 14:00,-0.2,-6.2,64,100.45,0.502650213,2.22,2.977946915,4.153671368
1/10/2012 15:00,-1.4,-7.9,61,100.65,0.792198842,0.94,1.074322748,6.999742316
1/10/2012 16:00,-3.1,-10.9,55,100.81,0.749638756,1.14,2.368614854,8.921266061
1/10/2012 17:00,-4,-12,54,100.91,0.690665327,0.55,2.006516704,6.757773296
1/10/2012 18:00,-4.9,-12.7,54,101.04,0.952888972,2.37,3.236264965,9.91118189
1/10/2012 19:00,-5.7,-13.8,53,101.15,0.335460947,1.12,3.396259774,1.492141257
1/10/2012 20:00,-6.4,-14.3,53,101.24,0.948722897,2.25,3.84704018,6.798686454
1/10/2012 21:00,-6.6,-13.6,57,101.32,0.932754355,1.58,3.069031855,2.244124885
1/10/2012 22:00,-7.3,-14.7,55,101.34,0.64369447,0.86,1.759436897,3.279713513
1/10/2012 23:00,-8.6,-15.6,57,101.44,0.60827796,0.81,1.768524478,5.871022783
1/11/2012 0:00,-9.5,-16.8,55,101.43,0.954484799,1.83,1.340924117,9.923933364
1/11/2012 1:00,-10.7,-17.8,56,101.49,0.425676101,0.72,1.249941515,7.36374957
1/11/2012 2:00,-12,-18.9,56,101.57,0.537372893,1.42,3.95282896,4.683410513
1/11/2012 3:00,-12.7,-19.4,57,101.64,0.523693953,0.69,0.334901206,6.055858251
1/11/2012 4:00,-13.4,-20.1,57,101.66,0.30354313,0.72,0.589526501,1.863489083
1/11/2012 5:00,-13.9,-21,55,101.66,0.978881621,0.9,1.127766832,7.324765812
1/11/2012 6:00,-14.4,-21.1,57,101.72,0.774502033,1.78,3.906101992,0.572572505
1/11/2012 7:00,-14.4,-21,57,101.77,0.938127701,1.56,1.470896134,6.761247747
1/11/2012 8:00,-14.7,-21.4,57,101.8,0.68135826,0.45,1.635846718,3.443558654
1/11/2012 9:00,-14.3,-20.8,58,101.81,0.63211629,1.39,0.994938698,4.142219936
1/11/2012 10:00,-13.9,-20.9,55,101.89,0.721393156,1.71,2.945558922,4.118461749
1/11/2012 11:00,-13.4,-20.8,54,101.78,0.566806727,2.46,1.223796493,6.902895153
1/11/2012 12:00,-12.7,-20.4,53,101.68,0.954260576,2.24,3.443094348,5.698174859
1/11/2012 13:00,-12.2,-20,52,101.63,0.894373343,1.85,1.286989033,6.136355675
1/11/2012 14:00,-11.4,-19.4,52,101.56,0.61948168,2.21,2.25325086,7.31269683
1/11/2012 15:00,-11.6,-19.9,50,101.61,0.389971966,1.52,3.016222141,1.021515771
1/11/2012 16:00,-11.8,-20.9,47,101.6,0.442512449,1.41,2.487163748,2.106234682
1/11/2012 17:00,-11.9,-20.1,51,101.56,0.844994085,2.36,1.15504558,6.336915125
1/11/2012 18:00,-12,-19.9,52,101.51,0.608169171,2.36,0.646753033,0.545955921
1/11/2012 19:00,-11.8,-19.2,54,101.43,0.639806204,1.57,0.885786622,9.666892761
1/11/2012 20:00,-11.2,-18.1,57,101.4,0.930742711,0.86,2.587675433,4.079256833
1/11/2012 21:00,-11.2,-16.5,65,101.32,0.902164221,1.59,2.855583829,7.766439048
1/11/2012 22:00,-10.8,-16,65,101.29,0.414052978,2.46,3.669636031,5.441932238
1/11/2012 23:00,-10.7,-15.7,67,101.19,0.49789149,2.15,2.350592911,7.106355345
1/12/2012 0:00,-10,-15.2,66,101.17,0.584141482,0.5,3.813651949,7.168923475
1/12/2012 1:00,-9.8,-15.2,65,101.13,0.443686931,2.39,2.490265912,2.121747233
1/12/2012 2:00,-9.4,-15,64,101.08,0.348743396,1.95,1.217235532,1.05282118
1/12/2012 3:00,-9,-14.7,63,101.02,0.388258721,0.33,3.104300939,7.591296966
1/12/2012 4:00,-8.5,-14.1,64,100.93,0.341416196,2.22,0.96608853,6.197343681
1/12/2012 5:00,-8,-13.7,64,100.81,0.695381693,2.42,1.31877523,5.252846923
1/12/2012 6:00,-7.6,-13.1,65,100.76,0.946902863,0.55,3.720891147,4.595992488
1/12/2012 7:00,-7.3,-12.7,65,100.69,0.530850712,0.45,2.130942347,3.124982311
1/12/2012 8:00,-7.1,-11.3,72,100.61,0.951407055,1.43,2.112489517,3.085262172
1/12/2012 9:00,-6.8,-10.5,75,100.54,0.981111793,1.28,2.178504218,7.803121163
1/12/2012 10:00,-6.2,-9.6,77,100.46,0.418676382,2.26,0.600809276,8.951981431
1/12/2012 11:00,-6,-9.5,76,100.35,0.509338726,1.18,3.929296119,3.872664477
1/12/2012 12:00,-5.8,-8.9,79,100.22,0.696856123,2.19,1.931333926,4.271035826
1/12/2012 13:00,-5.8,-8.6,81,100.09,0.890639656,1.35,2.998552944,8.074065868
1/12/2012 14:00,-5.7,-8.5,81,99.97,0.70499004,1.02,3.497716904,9.395234944
1/12/2012 15:00,-5.2,-7.6,83,99.9,0.670470066,1.26,1.832348873,7.475714404
1/12/2012 16:00,-4.9,-7.3,83,99.88,0.797184737,1.97,1.497469004,2.120804101
1/12/2012 17:00,-5.1,-7.6,83,99.83,0.353137241,1.74,2.02400405,2.503115849
1/12/2012 18:00,-5.4,-8.1,81,99.76,0.406187428,1.7,2.888021922,6.848114979
1/12/2012 19:00,-5,-7.6,82,99.72,0.699109607,0.63,1.416253347,0.354199287
1/12/2012 20:00,-5,-7.8,81,99.64,0.724832082,0.93,3.635736289,3.158086
1/12/2012 21:00,-4.7,-7.6,80,99.56,0.427935747,2.28,1.036833362,2.077057016
1/12/2012 22:00,-4.1,-6.8,81,99.47,0.953749411,1.11,0.312172734,1.835027845
1/12/2012 23:00,-4.6,-7,83,99.4,0.892003409,1.27,2.437122848,6.558955598
1/13/2012 0:00,-5.1,-7.5,83,99.3,0.415524664,2.26,1.232767464,1.498185704
1/13/2012 1:00,-5,-7.7,81,99.24,0.561833862,1.62,1.810005683,0.472136252
1/13/2012 2:00,-4.8,-7.5,81,99.22,0.735380925,1.88,2.501281192,8.880528343
1/13/2012 3:00,-4.5,-6.9,83,99.19,0.45459124,2.39,1.595294166,4.276650011
1/13/2012 4:00,-5,-7.4,83,99.13,0.912993048,1,1.946804407,0.355352838
1/13/2012 5:00,-5.1,-7.7,82,99.06,0.926590524,1.63,0.512227071,9.109381136
1/13/2012 6:00,-5.4,-7.8,83,98.94,0.90610191,2.11,0.609625898,5.775115561
1/13/2012 7:00,-5.1,-7.7,82,98.84,0.330608464,2.24,2.121507522,6.265734453
1/13/2012 8:00,-5.1,-7.5,83,98.69,0.947617458,0.52,2.889166016,7.236885971
1/13/2012 9:00,-5,-7.3,84,98.56,0.931297738,0.95,1.794250987,3.813732121
1/13/2012 10:00,-4.8,-7.2,83,98.44,0.637650886,1.53,0.394274384,1.132763788
1/13/2012 11:00,-4.8,-7.3,83,98.22,0.871410294,1.66,1.984513698,8.411296023
1/13/2012 12:00,-4.8,-7.5,81,98.07,0.89000762,0.37,2.4447606,7.651454522
1/13/2012 13:00,-4.9,-7.3,83,97.99,0.754326912,2.32,1.117605382,5.760519671
1/13/2012 14:00,-4.8,-7,85,98.07,0.861376201,1.86,2.32861344,4.37153594
1/13/2012 15:00,-4.3,-6.5,85,98.1,0.363489512,0.35,2.850548956,2.01392118
1/13/2012 16:00,-3.7,-6,84,98.16,0.755109286,1.98,0.495849132,4.353561493
1/13/2012 17:00,-2.9,-4.8,87,98.23,0.939312714,0.59,0.500692864,9.25361473
1/13/2012 18:00,-1.7,-3.3,89,98.32,0.900019634,2.13,1.32983389,4.718689755
1/13/2012 19:00,-2.5,-4.5,86,98.6,0.879556625,1.59,1.246942467,0.506515634
1/13/2012 20:00,-3.2,-5.1,87,98.89,0.975654369,0.93,1.774009084,8.793064463
1/13/2012 21:00,-4.8,-7.9,79,99.09,0.668007644,2.18,3.652886913,8.752432405
1/13/2012 22:00,-5.5,-10.1,70,99.28,0.864009648,1.07,0.894937033,1.478164803
1/13/2012 23:00,-7.6,-11.2,75,99.51,0.312649753,0.67,0.617537602,3.796732275
1/14/2012 0:00,-8.9,-13.1,72,99.67,0.770597512,0.76,1.766870441,5.538560985
1/14/2012 1:00,-9.7,-14.3,69,99.85,0.381344622,0.36,2.456685212,8.162496772
1/14/2012 2:00,-11.2,-15.5,70,100.01,0.760288421,0.86,3.868656086,3.673889128
1/14/2012 3:00,-12,-16.2,71,100.16,0.408169383,1.41,2.590625758,1.111724962
1/14/2012 4:00,-13.4,-18.9,63,100.26,0.594098398,1.98,1.420544495,4.347105061
1/14/2012 5:00,-14.3,-19.8,63,100.39,0.487136461,1.58,3.289850448,3.524479033
1/14/2012 6:00,-15.2,-20.6,63,100.6,0.330921479,0.69,1.085247384,3.710503226
1/14/2012 7:00,-16.8,-22.2,63,100.73,0.936746158,0.59,1.625115155,4.086609826
1/14/2012 8:00,-17.9,-23.5,62,100.84,0.614747241,0.93,3.468261378,3.923823739
1/14/2012 9:00,-18,-23.6,61,100.97,0.51342679,0.36,1.714321015,8.004852645
1/14/2012 10:00,-18,-23.9,60,101.08,0.351197361,1.84,2.684525445,4.6734293
1/14/2012 11:00,-17.8,-23.9,59,101.14,0.753043729,0.49,2.865431655,6.387892402
1/14/2012 12:00,-17.5,-23.8,58,101.16,0.305214056,0.42,2.175161135,5.01001339
1/14/2012 13:00,-17.1,-24.1,55,101.18,0.977510443,1.87,3.836296917,8.062051454
1/14/2012 14:00,-16.7,-23.4,56,101.2,0.609618026,1.09,3.848324809,0.718244383
1/14/2012 15:00,-16.7,-23.4,56,101.24,0.515591759,2.41,0.311986718,0.351551293
1/14/2012 16:00,-16.7,-24.3,52,101.3,0.901097957,1.88,2.505432198,1.321365651
1/14/2012 17:00,-17.4,-24.4,54,101.36,0.30235307,1.52,0.687387827,6.51082082
1/14/2012 18:00,-17.7,-24.3,56,101.46,0.881641458,2.27,2.206618289,0.479959511
1/14/2012 19:00,-18.3,-24.4,59,101.56,0.758565488,2.13,2.843682587,2.669297651
1/14/2012 20:00,-19.6,-25.8,58,101.62,0.442688843,0.84,0.355302171,7.926356497
1/14/2012 21:00,-20,-25.9,59,101.65,0.952950097,2.11,3.388653206,1.872364601
1/14/2012 22:00,-19.9,-26,58,101.74,0.603709176,1.94,3.786141922,0.70927923
1/14/2012 23:00,-20.3,-26.2,59,101.79,0.747339786,1.7,2.007233705,3.295269023
1/15/2012 0:00,-21.2,-26.8,61,101.81,0.315219542,0.68,3.046307198,9.635283899
1/15/2012 1:00,-21.1,-26.6,61,101.86,0.545141396,1.77,2.380165972,1.719775633
1/15/2012 2:00,-21.4,-26.6,63,101.99,0.768079551,0.4,0.819760414,6.300197815
1/15/2012 3:00,-20.7,-26.1,62,102.04,0.467542263,1.84,1.504751309,3.564402495
1/15/2012 4:00,-21,-26.6,61,102.12,0.435936392,2.47,1.77109985,7.865991469
1/15/2012 5:00,-21.3,-26.5,63,102.19,0.601546653,2.17,1.443314448,3.563588369
1/15/2012 6:00,-23.2,-28.5,62,102.28,0.491265685,0.47,2.921497552,4.117416803
1/15/2012 7:00,-22.8,-28,62,102.37,0.613731399,2.12,2.981309268,6.134467575
1/15/2012 8:00,-23.3,-28.5,62,102.45,0.883447052,1.21,1.457664437,2.646383856
1/15/2012 9:00,-22.2,-27.8,60,102.57,0.802393688,1.47,3.625815065,5.020927588
1/15/2012 10:00,-20.6,-26.8,58,102.66,0.993684113,0.58,1.865827712,4.904566442
1/15/2012 11:00,-19.3,-26.1,55,102.68,0.376446458,1.53,1.390437192,0.804709581
1/15/2012 12:00,-18,-25.5,52,102.67,0.390417313,1.03,0.428687201,2.631720968
1/15/2012 13:00,-16.8,-24.2,53,102.65,0.329305251,2.46,3.804947988,6.81048367
1/15/2012 14:00,-16,-23.4,53,102.66,0.915731705,1.5,3.094647518,0.977391516
1/15/2012 15:00,-15.4,-22.8,53,102.71,0.615135876,1.06,1.090016025,1.827504438
1/15/2012 16:00,-15.1,-22.8,52,102.79,0.804198162,1.11,3.873803097,1.451674154
1/15/2012 17:00,-16.2,-23.2,55,102.85,0.55706911,0.94,1.67248817,2.193312542
1/15/2012 18:00,-16.3,-22.9,57,102.89,0.385469585,1.18,3.826742106,5.452971341
1/15/2012 19:00,-16.3,-22.7,58,102.94,0.712239164,1.63,2.952502652,9.267576334
1/15/2012 20:00,-16.7,-22.4,61,102.98,0.587141475,1.48,2.103427392,9.578920394
1/15/2012 21:00,-16.9,-22.2,63,103.02,0.472579651,1.57,3.48852328,8.062227068
1/15/2012 22:00,-16.9,-21.7,66,103.07,0.553341023,2.24,2.230892986,7.846802634
1/15/2012 23:00,-16.9,-21.4,68,103.09,0.684551013,1.28,0.659438462,7.479081331
1/16/2012 0:00,-17.1,-21.9,66,103.09,0.626622325,1.19,1.192220442,8.189409329
1/16/2012 1:00,-17.8,-22.7,65,103.05,0.586038928,2,3.025853815,5.154950889
1/16/2012 2:00,-18.5,-23,68,103.08,0.952826075,1.51,3.511020649,3.405081686
1/16/2012 3:00,-19.2,-23.8,67,103.07,0.582803869,1.34,1.330979034,8.952802552
1/16/2012 4:00,-18.7,-23.5,66,103.05,0.48759626,1.91,3.636745898,4.91233075
1/16/2012 5:00,-19.1,-23.3,69,103.02,0.519484754,1.21,1.776225935,9.474104371
1/16/2012 6:00,-18.7,-23.2,68,103.01,0.302747656,0.54,3.133306584,0.37918752
1/16/2012 7:00,-17.9,-21.5,73,102.96,0.781764046,1.02,2.078162134,7.341726592
1/16/2012 8:00,-17.9,-22.6,67,102.9,0.509995886,0.88,1.758019896,2.656404966
1/16/2012 9:00,-14.4,-20.7,59,102.75,0.654278391,1.27,0.589438254,3.007396905
1/16/2012 10:00,-13.6,-18.7,65,102.62,0.425337603,1.4,2.902297355,7.003575825
1/16/2012 11:00,-12.7,-17.7,66,102.44,0.474356323,2.42,3.298773336,4.428893378
1/16/2012 12:00,-10.7,-16.9,60,102.17,0.877947144,0.58,0.654546308,8.06252326
1/16/2012 13:00,-10.1,-16.1,61,101.92,0.813624811,0.9,1.98772493,7.8060102
1/16/2012 14:00,-9,-13.8,68,101.71,0.315121421,2.39,2.779535855,8.954302065
1/16/2012 15:00,-8,-13.8,63,101.49,0.759776858,1.34,1.550104746,2.545783879
1/16/2012 16:00,-7.1,-14.1,57,101.41,0.525517474,1.27,0.805063741,1.348733348
1/16/2012 17:00,-7.6,-14.8,56,101.34,0.939232497,0.78,3.94613747,2.206762442
1/16/2012 18:00,-12.5,-17.5,66,101.31,0.699169123,0.72,3.803723091,9.135088637
1/16/2012 19:00,-14.8,-19.1,70,101.23,0.899735926,1.8,2.92207788,3.050680142
1/16/2012 20:00,-14,-18.3,70,101.19,0.740823403,2.35,3.709407209,6.090244416
1/16/2012 21:00,-12.9,-17.1,71,101.12,0.939131253,0.74,3.756564765,3.787596476
1/16/2012 22:00,-12.2,-16.5,70,101.05,0.873840879,1.42,3.848412691,4.814247877
1/16/2012 23:00,-11.5,-15.7,71,100.98,0.56409757,1.27,1.758164136,4.660662745
1/17/2012 0:00,-10.8,-15,71,100.94,0.540902384,1.17,1.182349363,8.437854497
1/17/2012 1:00,-10.4,-14.6,71,100.88,0.958272166,2.48,2.890099488,1.585807077
1/17/2012 2:00,-9.7,-13.7,73,100.84,0.699047319,2.3,2.966171769,9.742772427
1/17/2012 3:00,-9.2,-13.2,73,100.84,0.402462491,0.59,0.861084162,2.74809483
1/17/2012 4:00,-9,-12.2,78,100.8,0.820946478,0.38,0.45120006,1.077400762
1/17/2012 5:00,-8.3,-10.4,85,100.75,0.821433401,0.97,1.36922243,0.654286499
1/17/2012 6:00,-7.7,-9.9,84,100.72,0.938296156,0.35,1.695184665,4.312100254
1/17/2012 7:00,-7.5,-9.6,85,100.69,0.672857441,0.91,3.783826221,2.270146859
1/17/2012 8:00,-7.4,-9.6,84,100.65,0.580576821,1.1,1.694247161,6.220011271
1/17/2012 9:00,-7,-9.5,82,100.59,0.965090933,1.19,3.910929638,6.304282324
1/17/2012 10:00,-6.5,-9,82,100.6,0.379227476,2.04,1.290818389,2.854604234
1/17/2012 11:00,-6.1,-8.5,83,100.53,0.375116118,0.54,0.741822027,7.660956964
1/17/2012 12:00,-5.3,-7.9,82,100.38,0.666457207,0.9,3.90902945,6.08495069
1/17/2012 13:00,-5.1,-7.7,82,100.23,0.634163055,0.94,3.953826903,6.869505281
1/17/2012 14:00,-4.3,-6.5,85,100.05,0.986733584,1.39,0.754736633,3.25252119
1/17/2012 15:00,-3.7,-6,84,99.9,0.969498004,2.09,3.836665355,5.451801163
1/17/2012 16:00,-3.5,-6,83,99.69,0.488426215,1.32,3.541525996,3.829682749
1/17/2012 17:00,-3.6,-5.9,84,99.57,0.898745804,1.15,1.977107769,7.221694432
1/17/2012 18:00,-3.5,-5.8,84,99.38,0.707743057,0.56,3.0346325,5.945179672
1/17/2012 19:00,-3.3,-5.6,84,99.22,0.783636605,2.15,3.456851013,3.734130973
1/17/2012 20:00,-3.6,-5.7,85,98.98,0.86515113,1.61,1.067509581,8.782380255
1/17/2012 21:00,-2.9,-4.9,86,98.71,0.52141761,2.16,1.055317229,1.950972482
1/17/2012 22:00,-1.6,-3.2,89,98.47,0.752291492,1.88,3.410586566,2.476038171
1/17/2012 23:00,-0.6,-2.1,90,98.32,0.670657803,1.54,2.37389407,1.299433948
1/18/2012 0:00,2.1,0.7,90,98.31,0.90784188,1.67,0.366215606,4.498904336
1/18/2012 1:00,3.7,-2.1,66,98.36,0.404863465,0.64,3.202170994,4.601627958
1/18/2012 2:00,0.5,-4,72,98.62,0.70005183,0.98,1.331701297,4.8339599
1/18/2012 3:00,-3.5,-8.2,70,99,0.87080579,1.66,3.204821203,4.857538469
1/18/2012 4:00,-6.1,-10.9,69,99.36,0.732724818,2.04,2.935658263,0.827547755
1/18/2012 5:00,-7.7,-12.4,69,99.7,0.985146281,1.15,2.629445968,3.046420551
1/18/2012 6:00,-8.5,-13.9,65,100,0.306946841,1.83,2.011524452,9.17754294
1/18/2012 7:00,-9.8,-15.4,64,100.22,0.447463287,2.25,2.553170807,5.271440856
1/18/2012 8:00,-10.9,-16.6,63,100.43,0.499805012,0.92,1.873945022,1.032982046
1/18/2012 9:00,-11.2,-17.2,61,100.65,0.512954564,2.46,1.056005915,3.930585624
1/18/2012 10:00,-11.2,-17.2,61,100.78,0.382127959,1.59,3.007440695,5.917436415
1/18/2012 11:00,-11.1,-17.7,58,100.92,0.303052506,1.87,1.777517348,0.773694983
1/18/2012 12:00,-11,-17.8,57,101,0.428489591,0.9,3.135167031,2.43813938
1/18/2012 13:00,-10.6,-17.8,55,101.09,0.947054608,1.73,2.930468249,9.397049831
1/18/2012 14:00,-10.3,-17.6,55,101.19,0.571668399,0.6,2.001723933,2.134546516
1/18/2012 15:00,-10.4,-18,54,101.32,0.873665661,2.25,2.626497925,2.495752469
1/18/2012 16:00,-10.6,-18.4,53,101.45,0.680650528,2.14,2.486860691,0.840615241
1/18/2012 17:00,-11.3,-18.8,54,101.54,0.68450735,0.47,3.591515444,5.766882052
1/18/2012 18:00,-12,-18.2,60,101.67,0.498995867,1.41,0.801940123,4.826609573
1/18/2012 19:00,-12.7,-18.7,61,101.78,0.396633516,0.68,3.775686747,0.898833398
1/18/2012 20:00,-13.4,-19.2,62,101.83,0.913440638,2.24,2.738387138,7.370422596
1/18/2012 21:00,-13.7,-19.3,63,101.89,0.965079874,2.28,0.885841932,1.64196914
1/18/2012 22:00,-14.2,-19.8,62,101.92,0.305731775,1.98,2.479140528,9.425741858
1/18/2012 23:00,-14.9,-19.9,66,101.93,0.718366347,0.41,2.78935417,6.277056449
1/19/2012 0:00,-16.6,-20.9,69,101.94,0.836300077,0.32,3.433248523,6.744793226
1/19/2012 1:00,-15.2,-18.4,76,101.89,0.837543103,2.38,3.430552707,0.302583097
1/19/2012 2:00,-14.3,-17.4,77,101.86,0.432946561,1.35,3.765734001,7.424334076
1/19/2012 3:00,-18,-21.6,73,101.83,0.383506645,1.68,0.834813607,1.74389018
1/19/2012 4:00,-15.4,-18.3,78,101.81,0.625433531,0.62,3.578898391,1.736256522
1/19/2012 5:00,-16.6,-19.9,76,101.85,0.486454052,0.42,0.600632469,2.799219816
1/19/2012 6:00,-15.3,-19.7,69,101.83,0.7906737,1.89,2.439969513,9.863935455
1/19/2012 7:00,-14.6,-19.2,68,101.84,0.878420488,0.97,0.406833191,7.7769678
1/19/2012 8:00,-13.7,-18.4,68,101.84,0.541160844,0.49,1.951847313,4.27132494
1/19/2012 9:00,-12.7,-17.2,69,101.73,0.836667325,0.68,0.765921659,9.200727148
1/19/2012 10:00,-11.7,-17.2,64,101.68,0.66139528,1.35,1.371740508,2.733054843
1/19/2012 11:00,-11,-16.9,62,101.56,0.553185603,2.5,1.882186188,2.383674682
1/19/2012 12:00,-8.8,-15.4,59,101.42,0.882740962,1.83,3.163068069,8.975816718
1/19/2012 13:00,-7.3,-14.7,55,101.22,0.486128284,2.4,3.155234338,4.805900595
1/19/2012 14:00,-7,-14.9,53,101.03,0.469619361,1.9,0.830316457,2.58003754
1/19/2012 15:00,-6.7,-15,52,100.88,0.629011005,1.83,1.845322193,5.429933636
1/19/2012 16:00,-6.7,-14.9,52,100.76,0.35591431,2.11,0.661852369,1.693612302
1/19/2012 17:00,-6.9,-14.7,54,100.7,0.4578192,1.37,2.316432252,3.21013446
1/19/2012 18:00,-5,-12.9,54,100.66,0.645542771,1.48,1.755909885,2.528715185
1/19/2012 19:00,-3.6,-12.7,49,100.61,0.779073421,1.52,1.331858471,2.26363455
1/19/2012 20:00,-3.7,-11.9,53,100.63,0.42700264,0.78,2.809599171,0.385174026
1/19/2012 21:00,-5,-8.4,77,100.6,0.928086916,1.99,3.006576704,9.253508872
1/19/2012 22:00,-4.2,-9.3,68,100.51,0.980809852,2.06,0.825445696,9.317283875
1/19/2012 23:00,-4.1,-8.9,69,100.47,0.876486771,1.72,1.554618932,1.762864501
1/20/2012 0:00,-4.1,-8.6,71,100.5,0.727082222,2.34,1.787953842,3.814992378
1/20/2012 1:00,-4.1,-8.3,73,100.54,0.364613066,0.78,2.524659946,4.9999573
1/20/2012 2:00,-3.9,-8.1,73,100.64,0.83576071,1,0.465323135,5.088737991
1/20/2012 3:00,-4.8,-9.9,67,100.75,0.734388964,1.01,2.100417445,1.749293347
1/20/2012 4:00,-6,-10.2,72,100.87,0.436716394,1.8,1.228626012,8.883435827
1/20/2012 5:00,-6.3,-12.2,63,100.98,0.539930654,2.23,1.379938646,9.158289897
1/20/2012 6:00,-7.6,-14.3,59,101.13,0.656226854,0.88,1.827951999,6.239015764
1/20/2012 7:00,-8.6,-15.6,57,101.27,0.330852811,0.43,1.73054575,3.400930445
1/20/2012 8:00,-10.4,-16.2,62,101.47,0.560475172,1.44,0.727099933,0.653762905
1/20/2012 9:00,-12.2,-18.1,61,101.59,0.389147417,2.05,2.580707595,6.184867438
1/20/2012 10:00,-13.7,-20.3,57,101.72,0.874030172,1.89,2.774260384,1.654049527
1/20/2012 11:00,-14.2,-21.2,55,101.84,0.447108585,1.06,2.461126727,4.210291144
1/20/2012 12:00,-15.2,-22.1,56,101.88,0.607536219,1.3,3.390906444,3.177776933
1/20/2012 13:00,-15.8,-23.7,51,101.96,0.313357362,1.47,2.868728346,3.871911796
1/20/2012 14:00,-15.5,-24.1,48,101.98,0.837870236,1.52,1.838061607,9.257625305
1/20/2012 15:00,-15,-23.9,47,102.09,0.454419235,1.23,1.202325401,7.885252213
1/20/2012 16:00,-14.8,-24.1,45,102.15,0.551712468,0.33,3.052635531,1.604218863
1/20/2012 17:00,-15.4,-24.3,46,102.21,0.880139565,1.38,2.720953088,2.718804974
1/20/2012 18:00,-15.9,-24.3,48,102.27,0.667969869,0.45,3.592590865,1.034550554
1/20/2012 19:00,-16.3,-24.2,51,102.33,0.640838147,1.07,1.214955348,3.969807997
1/20/2012 20:00,-16.9,-24.8,50,102.34,0.694814743,2.01,3.371232414,9.593982109
1/20/2012 21:00,-18.5,-25.6,54,102.37,0.692284186,2.3,1.70279128,3.569398521
1/20/2012 22:00,-18.1,-25.1,54,102.36,0.568915513,1.89,3.89624765,3.905947401
1/20/2012 23:00,-17.4,-24.5,54,102.37,0.497502963,0.67,2.570758445,9.593068459
1/21/2012 0:00,-16.4,-23.7,53,102.29,0.88478678,2.4,3.36353804,0.715895098
1/21/2012 1:00,-16.1,-23.6,52,102.26,0.760403213,2.15,3.616309034,9.015806505
1/21/2012 2:00,-15.3,-22.8,53,102.27,0.913742665,2.17,3.748445426,6.619362665
1/21/2012 3:00,-15.9,-21.9,60,102.23,0.44908885,2.03,2.027807079,3.300256311
1/21/2012 4:00,-15.3,-21.8,58,102.18,0.80161886,2.09,2.777404231,5.94744516
1/21/2012 5:00,-14.8,-22.9,50,102.08,0.32618819,0.58,0.890794547,1.051598641
1/21/2012 6:00,-14.3,-22,52,101.98,0.889766448,1.05,2.519413643,4.425993725
1/21/2012 7:00,-13.9,-22.1,50,102.04,0.75450207,1,0.413367499,0.824937428
1/21/2012 8:00,-14,-21.8,52,102.06,0.811726823,1.58,1.135066601,9.873693711
1/21/2012 9:00,-15.9,-21,65,102.11,0.701165842,1.57,3.276105369,4.712241317
1/21/2012 10:00,-16.3,-21.4,65,102.12,0.533864866,0.41,1.003377257,0.404537335
1/21/2012 11:00,-15.9,-21.2,64,102.09,0.67507702,0.59,0.373958552,8.324814699
1/21/2012 12:00,-14.6,-20.3,62,102.03,0.612142748,2.43,0.94604375,6.563745343
1/21/2012 13:00,-13.4,-19.8,59,102.01,0.929703107,0.82,2.517229385,3.16579756
1/21/2012 14:00,-12.5,-19.7,55,102.01,0.989328448,0.47,1.76383257,6.82205828
1/21/2012 15:00,-11.8,-18.9,56,102.06,0.668669641,1.12,1.43814724,2.468083587
1/21/2012 16:00,-11.6,-18.8,55,102.11,0.846526294,2.3,1.054945339,3.289274823
1/21/2012 17:00,-12.1,-19.8,53,102.16,0.351509513,1.55,3.087869169,4.331401362
1/21/2012 18:00,-13,-20.2,55,102.24,0.977904884,1.45,2.502088377,5.022020961
1/21/2012 19:00,-13.4,-19.9,58,102.27,0.332702706,2.38,3.844743873,8.966468098
1/21/2012 20:00,-18.5,-24.4,60,102.36,0.578786964,0.93,1.027962819,4.688718816
1/21/2012 21:00,-16,-20.8,66,102.47,0.68295794,0.32,2.211395577,3.667637942
1/21/2012 22:00,-17.6,-23.3,61,102.52,0.495574923,2.09,2.380559132,2.896663107
1/21/2012 23:00,-17.4,-21.7,69,102.54,0.747550398,1.58,3.495910617,6.796265904
1/22/2012 0:00,-18.3,-22.5,70,102.57,0.693965833,0.8,0.538183621,1.087187895
1/22/2012 1:00,-17.5,-21.3,72,102.64,0.751677025,1.72,0.388159938,8.988796197
1/22/2012 2:00,-18.5,-22.6,70,102.71,0.645905571,2.16,1.55003231,1.748165365
1/22/2012 3:00,-18.4,-23,67,102.75,0.747062312,0.88,1.879733052,4.223815843
1/22/2012 4:00,-17.2,-21.5,69,102.79,0.810160955,1.71,3.940460241,0.795816476
1/22/2012 5:00,-19.5,-23.4,71,102.84,0.697694112,1.83,0.677722267,7.231221703
1/22/2012 6:00,-19,-22.9,71,102.85,0.712840055,2.27,1.367592021,8.543023582
1/22/2012 7:00,-18.6,-22.8,69,102.91,0.974498032,2.18,2.707081156,2.751166248
1/22/2012 8:00,-18.5,-22,74,102.98,0.798357526,1.83,2.206634178,9.436189504
1/22/2012 9:00,-16.2,-19.2,78,103.01,0.46502878,0.78,2.175258345,3.555781257
1/22/2012 10:00,-14.5,-17.2,80,103.02,0.524972096,1.28,1.037564114,3.908986519
1/22/2012 11:00,-13,-15.5,81,103.04,0.558789909,1.91,1.59315185,4.540597065
1/22/2012 12:00,-11.5,-15.4,73,102.97,0.933925838,1.42,1.638989663,2.594518539
1/22/2012 13:00,-11.2,-16,68,102.86,0.387583015,0.59,1.579451068,3.922351515
1/22/2012 14:00,-9.4,-14.8,65,102.74,0.694341,1.76,1.5604145,4.302141089
1/22/2012 15:00,-8.7,-14.5,63,102.65,0.784786323,1.93,0.861236319,1.275534938
1/22/2012 16:00,-8,-14.7,59,102.6,0.48439941,1.98,0.659757339,1.463706322
1/22/2012 17:00,-9.5,-15.8,60,102.57,0.868611328,0.92,1.356515716,3.114861638
1/22/2012 18:00,-10.4,-16.1,63,102.52,0.63866226,2.49,1.618384054,1.69896882
1/22/2012 19:00,-10.4,-16.2,62,102.47,0.89621282,2.36,3.313877412,6.868397856
1/22/2012 20:00,-12.3,-16.8,69,102.44,0.992099434,1.18,3.672759884,3.970192094
1/22/2012 21:00,-12.9,-17.2,70,102.38,0.530239656,0.93,0.993171385,9.891616867
1/22/2012 22:00,-13.2,-17,73,102.33,0.351508392,2.22,2.930400776,3.991798187
1/22/2012 23:00,-13.3,-17.1,73,102.28,0.687914993,0.9,0.442374879,1.641930787
1/23/2012 0:00,-12.9,-17,71,102.22,0.830499913,1.13,3.27499474,1.262885266
1/23/2012 1:00,-12.9,-17.2,70,102.14,0.939460272,1.29,1.546823946,7.869319727
1/23/2012 2:00,-13.2,-17.1,72,102.1,0.336172169,1.68,2.227359796,1.55459656
1/23/2012 3:00,-12.1,-16,73,101.99,0.374904798,1.64,2.200116759,5.869435348
1/23/2012 4:00,-11.2,-15.2,72,101.88,0.345197916,0.46,3.011874959,6.942413489
1/23/2012 5:00,-9.9,-13.9,73,101.79,0.405474829,2.11,0.376016068,5.098876721
1/23/2012 6:00,-8.8,-12.8,73,101.76,0.914286053,1.58,0.435442316,3.313916781
1/23/2012 7:00,-8.1,-12.1,73,101.67,0.908810235,0.37,2.075416484,1.150476949
1/23/2012 8:00,-7.2,-11.1,74,101.69,0.998961423,0.91,3.505968022,5.830768003
1/23/2012 9:00,-4.9,-9.2,72,101.59,0.394631823,2.09,1.003684961,7.668613173
1/23/2012 10:00,-3.6,-7.9,72,101.58,0.864958151,0.89,1.130503486,3.817662282
1/23/2012 11:00,1.2,-3.2,72,101.49,0.322731259,2.31,0.955753055,2.976687548
1/23/2012 12:00,2.3,-2.4,71,101.33,0.582654502,0.89,1.997684677,8.422872906
1/23/2012 13:00,2.5,-1.5,75,101.14,0.787818601,1.7,0.682039036,6.508050994
1/23/2012 14:00,2.7,-1.1,76,101.01,0.884493105,2.34,3.529076345,9.860752016
1/23/2012 15:00,2.7,-0.9,77,100.86,0.830742889,1.01,1.652088049,0.93124987
1/23/2012 16:00,3.1,-0.3,78,100.71,0.52915378,2.2,0.515226338,7.500120424
1/23/2012 17:00,3.1,-0.4,78,100.61,0.545764237,0.55,2.623539952,7.737471867
1/23/2012 18:00,3,1.2,88,100.54,0.711960573,1.33,3.782224639,7.838067182
1/23/2012 19:00,3.2,1.4,88,100.43,0.875583653,2.4,0.449464622,2.802017047
1/23/2012 20:00,2.9,1.2,89,100.32,0.42746176,1.63,2.758660788,5.709830015
1/23/2012 21:00,3.3,1.7,89,100.22,0.421681985,1.63,1.193077398,0.944768624
1/23/2012 22:00,3.6,2.2,91,100.1,0.855388529,1.82,1.810209065,3.390483889
1/23/2012 23:00,4,2.5,90,100.08,0.891178257,2.22,3.073287223,7.669206779
1/24/2012 0:00,3.5,2.3,92,100.04,0.736788068,2.39,0.7358966,1.178046101
1/24/2012 1:00,3.1,1.9,92,100.04,0.41988218,0.5,3.331709342,7.120095864
1/24/2012 2:00,3.1,2.1,93,100.09,0.605471623,1.26,3.660697741,2.522889814
1/24/2012 3:00,5,3.6,91,100.19,0.374987209,0.75,2.994674069,9.235585156
1/24/2012 4:00,4.2,1.2,81,100.25,0.484995599,1.33,3.688677735,8.961439121
1/24/2012 5:00,3.7,-0.2,76,100.37,0.424584743,1.84,1.108499475,6.969451587
1/24/2012 6:00,3.4,-0.6,75,100.45,0.587654995,2.09,2.764688131,1.088468154
1/24/2012 7:00,2.9,-1.1,75,100.49,0.635392065,1.64,1.988022306,3.29250455
1/24/2012 8:00,3,-1.7,71,100.52,0.38064614,0.33,1.896223297,9.959036989
1/24/2012 9:00,2.9,-1.8,71,100.6,0.507747673,0.54,3.238066252,9.3768507
1/24/2012 10:00,3,-2,70,100.65,0.517188503,1.3,1.561181514,3.226211322
1/24/2012 11:00,3.1,-1.9,70,100.7,0.373698085,0.85,1.322324273,8.216406121
1/24/2012 12:00,3.2,-2.3,67,100.72,0.482974836,2.38,2.561521443,2.217464419
1/24/2012 13:00,2.8,-2.4,69,100.73,0.767811187,2.23,3.134443788,3.355868538
1/24/2012 14:00,2.4,-2.4,71,100.75,0.565699017,0.46,1.031417138,5.615193956
1/24/2012 15:00,1.9,-2.2,74,100.8,0.802144484,0.86,2.280605578,9.545037099
1/24/2012 16:00,1.7,-2.4,74,100.82,0.328554586,0.58,1.433832087,5.815470467
1/24/2012 17:00,1.6,-2.8,73,100.88,0.718362807,1.22,2.456840048,4.488772078
1/24/2012 18:00,1.5,-2.9,72,100.95,0.632282112,1.91,1.065285577,0.919945329
1/24/2012 19:00,1.5,-3.2,71,101.01,0.745720112,2.43,2.703585364,7.555439925
1/24/2012 20:00,1.3,-3.2,72,101.06,0.585269351,1.54,1.806173117,6.088358121
1/24/2012 21:00,1.1,-3,74,101.11,0.646619891,0.52,2.413113218,9.365948641
1/24/2012 22:00,1.1,-3.4,72,101.13,0.686707244,2.04,0.978299984,7.413713996
1/24/2012 23:00,1,-3.4,72,101.16,0.812877249,1.69,1.521492381,5.455760042
1/25/2012 0:00,0.5,-4.6,69,101.2,0.722718785,1.33,0.500150783,4.922732187
1/25/2012 1:00,-0.1,-5.2,68,101.26,0.560201432,2.12,2.063337952,3.269396038
1/25/2012 2:00,-0.4,-5.9,66,101.37,0.612521155,1.07,1.069475664,9.84305591
1/25/2012 3:00,-0.5,-6.2,65,101.45,0.335171637,0.41,0.522397699,0.567084222
1/25/2012 4:00,-0.7,-6,67,101.52,0.455649812,1.14,1.114179154,0.651400336
1/25/2012 5:00,-1.7,-7.7,64,101.58,0.82245482,1.06,1.634506268,8.090413708
1/25/2012 6:00,-2.8,-9,62,101.66,0.754064548,2.45,1.159882645,2.981846927
1/25/2012 7:00,-3.9,-10,63,101.79,0.668593078,0.73,1.633902463,0.406828644
1/25/2012 8:00,-4.7,-10.9,62,101.94,0.715421609,0.84,3.667440544,1.635188118
1/25/2012 9:00,-5.2,-11.3,62,102.05,0.897752669,1.71,2.624503145,6.100548215
1/25/2012 10:00,-5.3,-11.4,62,102.09,0.428263425,0.47,1.21942467,8.954091459
1/25/2012 11:00,-5.3,-11.9,60,102.14,0.680789779,1.27,3.663062515,1.294898821
1/25/2012 12:00,-5,-11.8,59,102.06,0.824978814,1.77,0.767457202,6.742022567
1/25/2012 13:00,-4.7,-11.7,58,102.01,0.596425524,1.37,1.291435808,9.268588362
1/25/2012 14:00,-4.5,-11,60,101.98,0.442436292,0.97,1.169399345,2.25069712
1/25/2012 15:00,-4.4,-11.2,59,101.94,0.342368574,2,1.464819142,4.03206823
1/25/2012 16:00,-4.4,-11.3,59,101.96,0.401316584,1.41,2.112232168,2.644911239
1/25/2012 17:00,-4.8,-11.4,60,102.01,0.472288657,0.39,3.237841659,6.464746608
1/25/2012 18:00,-5.1,-11.4,61,102.07,0.933339679,2.07,2.709212726,0.432546721
1/25/2012 19:00,-5.4,-11.5,62,102.14,0.684708591,0.37,3.85746929,4.783261135
1/25/2012 20:00,-4.9,-11.6,59,102.07,0.737324465,1.35,3.65007577,7.648451292
1/25/2012 21:00,-5.4,-11.1,64,102.01,0.993037679,0.73,2.760841283,8.401505139
1/25/2012 22:00,-5.5,-11.3,64,101.99,0.600597047,1.49,3.192240263,0.852992458
1/25/2012 23:00,-4.9,-11.2,62,102.05,0.975,1.5,3.88,7.55
1/26/2012 0:00,0.5,-4.6,69,101.2,0.722718785,1.33,0.500150783,4.922732187
1/26/2012 1:00,-0.1,-5.2,68,101.26,0.560201432,2.12,2.063337952,3.269396038
1/26/2012 2:00,-0.4,-5.9,66,101.37,0.612521155,1.07,1.069475664,9.84305591
1/26/2012 3:00,-0.5,-6.2,65,101.45,0.335171637,0.41,0.522397699,0.567084222
1/26/2012 4:00,-0.7,-6,67,101.52,0.455649812,1.14,1.114179154,0.651400336
1/26/2012 5:00,-1.7,-7.7,64,101.58,0.82245482,1.06,1.634506268,8.090413708
1/26/2012 6:00,-2.8,-9,62,101.66,0.754064548,2.45,1.159882645,2.981846927
1/26/2012 7:00,-3.9,-10,63,101.79,0.668593078,0.73,1.633902463,0.406828644
1/26/2012 8:00,-4.7,-10.9,62,101.94,0.715421609,0.84,3.667440544,1.635188118
1/26/2012 9:00,-5.2,-11.3,62,102.05,0.897752669,1.71,2.624503145,6.100548215
1/26/2012 10:00,-5.3,-11.4,62,102.09,0.428263425,0.47,1.21942467,8.954091459
1/26/2012 11:00,-5.3,-11.9,60,102.14,0.680789779,1.27,3.663062515,1.294898821
1/26/2012 12:00,-5,-11.8,59,102.06,0.824978814,1.77,0.767457202,6.742022567
1/26/2012 13:00,-4.7,-11.7,58,102.01,0.596425524,1.37,1.291435808,9.268588362
1/26/2012 14:00,-4.5,-11,60,101.98,0.442436292,0.97,1.169399345,2.25069712
1/26/2012 15:00,-4.4,-11.2,59,101.94,0.342368574,2,1.464819142,4.03206823
1/26/2012 16:00,-4.4,-11.3,59,101.96,0.401316584,1.41,2.112232168,2.644911239
1/26/2012 17:00,-4.8,-11.4,60,102.01,0.472288657,0.39,3.237841659,6.464746608
1/26/2012 18:00,-5.1,-11.4,61,102.07,0.933339679,2.07,2.709212726,0.432546721
1/26/2012 19:00,-5.4,-11.5,62,102.14,0.684708591,0.37,3.85746929,4.783261135
1/26/2012 20:00,-4.9,-11.6,59,102.07,0.737324465,1.35,3.65007577,7.648451292
1/26/2012 21:00,-5.4,-11.1,64,102.01,0.993037679,0.73,2.760841283,8.401505139
1/26/2012 22:00,-5.5,-11.3,64,101.99,0.600597047,1.49,3.192240263,0.852992458
1/26/2012 23:00,-4.9,-11.2,62,102.05,0.975,1.5,3.88,7.55
1/27/2012 0:00,0.5,-4.6,69,101.2,0.722718785,1.33,0.500150783,4.922732187
1/27/2012 1:00,-0.1,-5.2,68,101.26,0.560201432,2.12,2.063337952,3.269396038
1/27/2012 2:00,-0.4,-5.9,66,101.37,0.612521155,1.07,1.069475664,9.84305591
1/27/2012 3:00,-0.5,-6.2,65,101.45,0.335171637,0.41,0.522397699,0.567084222
1/27/2012 4:00,-0.7,-6,67,101.52,0.455649812,1.14,1.114179154,0.651400336
1/27/2012 5:00,-1.7,-7.7,64,101.58,0.82245482,1.06,1.634506268,8.090413708
