Date_Time,TempC,Rel_Hum,PresskPa,PM1_0,PM2_5,PM4,PM10,AQI
5/1/2024 0:00,17.67,75.75,101.26,0.13,1.97,2.78,2.08,21
5/1/2024 1:00,24.6,54.76,101.76,0.84,2.52,1.13,6.41,20
5/1/2024 2:00,27.63,60.79,101.05,0.26,1,2.08,4.24,24
5/1/2024 3:00,22.09,72.06,100.89,0.74,1.86,1.72,7.52,22
5/1/2024 4:00,26.19,52.12,101.33,0.61,1.74,3.68,7.63,20
5/1/2024 5:00,22.45,58.94,101.41,0.51,2.75,1.55,7.82,24
5/1/2024 6:00,16.48,70.66,100.92,0.14,1.17,2.11,3.7,23
5/1/2024 7:00,18.16,78.6,101.41,0.58,2.7,1.57,5.22,22
5/1/2024 8:00,23.48,84.75,101.75,0.71,1.92,0.26,6.13,22
5/1/2024 9:00,19.86,72.2,101.31,0.59,1.3,3.31,1.62,22
5/1/2024 10:00,17.96,84.22,100.85,0.37,2.69,1.2,7.63,21
5/1/2024 11:00,23.88,56.69,101.34,0.07,2.46,0.12,5.71,20
5/1/2024 12:00,23.16,86.38,101.27,0.46,1.12,2.52,9.54,21
5/1/2024 13:00,19.19,75.46,101,0.11,1.76,1.34,7.81,23
5/1/2024 14:00,25.27,58.69,101.44,0.27,2.69,1.22,4.85,23
5/1/2024 15:00,25.21,61.28,101.57,0.86,1.9,1.36,2.79,25
5/1/2024 16:00,16.53,59.47,100.82,0.92,1.53,1,2.57,22
5/1/2024 17:00,23.66,80.45,101.5,0.45,1.12,3.22,7.1,20
5/1/2024 18:00,26.34,72.79,101.69,0.19,1.45,2.89,5.41,23
5/1/2024 19:00,23.01,70.41,100.85,0.21,2.22,0.53,4.4,25
5/1/2024 20:00,16.8,79.02,100.96,0.28,1.51,0.49,6.85,22
5/1/2024 21:00,26.31,81.71,101.19,0.08,1.33,2.45,4.31,20
5/1/2024 22:00,17.96,79.35,101.47,0.67,1.08,1.05,2.3,23
5/1/2024 23:00,25.05,47.22,101.01,0.66,1.28,1.3,3.73,25
5/2/2024 0:00,27.33,62.02,101.65,0.08,1.19,2.74,6.74,23
5/2/2024 1:00,27.41,72.85,100.97,0.12,2.55,2.8,9.48,24
5/2/2024 2:00,26,74.3,101.02,0.51,1.2,2.19,5.56,22
5/2/2024 3:00,22.27,41.74,101.05,0.08,1.07,1.53,6.07,25
5/2/2024 4:00,23.89,70.93,100.91,0.4,1.52,2.72,4.21,24
5/2/2024 5:00,18.44,57.5,100.88,0.63,2.61,1.98,2.17,23
5/2/2024 6:00,26.26,50.09,100.93,0.19,1,1.43,1.93,21
5/2/2024 7:00,21.76,71.63,101.44,0.19,2.04,2.73,8.19,23
5/2/2024 8:00,19.29,72.39,101.72,0.56,2.52,0.38,3.46,23
5/2/2024 9:00,23.55,86.62,101.63,0.68,2.49,1.7,8.14,23
5/2/2024 10:00,19.07,66.46,101.7,0.88,2.81,2.16,2.02,23
5/2/2024 11:00,25.82,57.24,101.68,0.24,2.2,0.21,7.35,20
5/2/2024 12:00,16.65,45.62,100.91,0.75,1.42,3.58,4.5,21
5/2/2024 13:00,20.28,62.44,101.16,0.11,2.1,2.78,4.67,22
5/2/2024 14:00,16.95,57.17,101.24,0.98,1.86,0.73,3.91,22
5/2/2024 15:00,26.15,78.69,101.14,0.54,1.48,0.35,4.52,24
5/2/2024 16:00,18.71,43.11,101.6,0.74,2.56,2.88,7.03,25
5/2/2024 17:00,16.34,84.94,101.65,0.36,2.53,3.84,8.12,22
5/2/2024 18:00,27.07,63.26,100.92,0.34,1.36,3.1,2.34,22
5/2/2024 19:00,26.44,89.55,101.49,0.43,1.21,0.97,8.12,21
5/2/2024 20:00,20.86,80.49,101.65,0.76,1.73,2.26,4.02,20
5/2/2024 21:00,26.94,77.37,101.58,0.4,2.78,1.74,5.01,20
5/2/2024 22:00,16.58,60.12,101.78,0.74,2.23,1.46,5.75,20
5/2/2024 23:00,22.84,56.49,101.43,0.93,1.44,0.4,2.9,22
5/3/2024 0:00,22.01,42.66,101.27,0.93,1.63,3.73,7.44,21
5/3/2024 1:00,21.62,52.13,101.4,0.55,2.59,3.19,3.43,21
5/3/2024 2:00,26.65,83.46,101.27,0.92,2.17,0.25,3.23,21
5/3/2024 3:00,20.48,44.01,101.56,0.25,2.68,1.33,5.61,24
5/3/2024 4:00,26.55,52.26,101.03,0.68,1.15,2.81,6.92,24
5/3/2024 5:00,21.39,78.09,101.39,0.4,2.42,3.48,8,21
5/3/2024 6:00,27.47,55.63,100.97,0.41,1.71,1.23,5.36,23
5/3/2024 7:00,20.17,67.6,100.9,0.18,2.55,0.16,8.02,25
5/3/2024 8:00,18.53,79.45,101.29,0.53,2.03,1.1,9.51,23
5/3/2024 9:00,16.42,86.38,101.32,0.36,1,0.19,0.56,25
5/3/2024 10:00,19.72,66.93,101.69,0.53,1.3,1.7,7.6,23
5/3/2024 11:00,16.95,83.02,101.7,0.99,1.87,1.74,6.94,23
5/3/2024 12:00,19.82,61.56,101.36,0.82,2.41,0.45,9.03,23
5/3/2024 13:00,22.43,56.39,101.44,0.05,2.7,1.84,3.5,24
5/3/2024 14:00,19.43,59.61,101.35,0.31,2.64,2.37,1.25,23
5/3/2024 15:00,23.09,42.25,100.95,0.02,2.8,1.7,6.68,22
5/3/2024 16:00,16.79,78.94,101.77,0.42,2.12,0.22,6.04,20
5/3/2024 17:00,16.12,53.5,101.42,0.98,2.22,3.88,8.39,20
5/3/2024 18:00,16.75,43.46,101.59,0.28,2.42,1.55,3.94,21
5/3/2024 19:00,20.22,54.24,101.36,0.82,1.55,3.95,4.65,23
5/3/2024 20:00,21.34,47.92,101.48,0.79,2.08,3.6,8.83,20
5/3/2024 21:00,18.08,79.4,100.88,0.27,1.83,1.37,9.36,20
5/3/2024 22:00,27.94,83.43,100.92,0.61,2.23,0.71,7.75,24
5/3/2024 23:00,19.53,87.01,101.28,0.02,2.73,2.12,0.67,24
5/4/2024 0:00,27.49,51.86,101.07,0.72,2.28,2.08,9.13,21
5/4/2024 1:00,16.51,65.89,101.15,0.81,1.04,1.68,6.09,20
5/4/2024 2:00,21.87,79.76,101,0.23,1.38,2.46,6.55,23
5/4/2024 3:00,23.95,87.11,101.71,0.72,1.07,1.7,7.59,22
5/4/2024 4:00,22.69,77.38,100.89,0.35,1.36,0.71,3.96,25
5/4/2024 5:00,18.57,62.58,101.16,0.88,1.1,1.71,9.35,22
5/4/2024 6:00,27.87,78.83,101.12,0.24,1.13,2,6.21,25
5/4/2024 7:00,18.16,55.31,101.08,0.54,2.15,3.72,0.56,23
5/4/2024 8:00,22.36,54.03,101.35,0.5,2.45,0.24,5.05,23
5/4/2024 9:00,16.89,75.26,101.08,0.57,2.83,2.09,6.91,24
5/4/2024 10:00,26.48,55.97,100.81,0.19,1.7,2.44,5.73,24
5/4/2024 11:00,22.25,88.12,100.97,0.47,1.97,1.65,0.61,21
5/4/2024 12:00,20.66,63.6,101.42,0.13,1.89,1.51,2.04,22
5/4/2024 13:00,21.04,76.38,101.08,0.73,2.78,1.57,0.34,24
5/4/2024 14:00,23.8,55.12,101.23,0.06,0.99,0.35,6.18,23
5/4/2024 15:00,26.65,72.1,101.51,0.95,1.52,1.61,9.05,24
5/4/2024 16:00,22.97,77.98,101.12,0.77,1.48,0.74,9.23,25
5/4/2024 17:00,21.96,80.87,101.07,0.33,2.35,2.08,9.26,23
5/4/2024 18:00,22.77,64.13,101.42,0.35,1.66,1,5.89,25
5/4/2024 19:00,23.05,88.22,100.82,0.91,2.08,0.57,4.01,22
5/4/2024 20:00,25.33,51.07,101.48,0.54,1.23,3.28,6.94,20
5/4/2024 21:00,24.36,46.69,101.17,0.62,2.15,0.62,3.77,22
5/4/2024 22:00,21.18,86.71,100.97,0.46,1.16,1.41,1.36,23
5/4/2024 23:00,21.48,79.2,101.75,0.78,2.43,2.68,4.56,23
5/5/2024 0:00,18.4,81.88,101.16,0.92,2.6,3.26,4.09,20
5/5/2024 1:00,19.15,50.17,101.31,0.22,1.47,0.94,7.13,22
5/5/2024 2:00,27.27,53.82,101.43,0.96,2.45,0.56,8.41,21
5/5/2024 3:00,18.51,64.27,100.93,0.74,2.07,3.96,7.81,24
5/5/2024 4:00,19.42,57.92,101.64,0.35,1.31,3.13,7.16,23
5/5/2024 5:00,20.23,85.2,101.06,0.54,1.29,2.84,2.83,21
5/5/2024 6:00,27.21,72.24,101.73,0.73,2.82,1.04,7.54,24
5/5/2024 7:00,21.67,56.21,100.95,0.56,2.75,1.64,0.76,24
5/5/2024 8:00,18.48,40.97,101.59,0.67,2.24,1.39,5.12,22
5/5/2024 9:00,23.84,45.93,101.55,0.28,2.76,0.29,1.2,24
5/5/2024 10:00,16.01,65.68,101.13,0.83,1.85,3.67,3.38,23
5/5/2024 11:00,26.15,78.16,101.67,0.17,2.64,1.36,6.6,25
5/5/2024 12:00,22.73,88.31,101.17,0.68,1.68,2.94,8.94,23
5/5/2024 13:00,20.39,47.35,101.4,0.87,1.47,3.64,6.69,24
5/5/2024 14:00,23.44,78.79,101.55,0.63,1.13,2.14,1.97,20
5/5/2024 15:00,17.51,44.03,101.44,0.35,1.62,2.52,1.72,20
5/5/2024 16:00,21.19,78.66,100.93,0.13,2.28,2.07,3.75,20
5/5/2024 17:00,17.54,80.41,101.4,0.51,2.44,2.93,1.53,21
5/5/2024 18:00,19.47,74.42,101.77,0.89,2.45,3.06,9.15,23
5/5/2024 19:00,20.7,64.2,100.96,0.78,2.1,2.66,0.44,20
5/5/2024 20:00,17.36,87.39,101.21,0.29,2.7,1.34,5.75,23
5/5/2024 21:00,24.87,70.76,101.19,0.14,2.23,1.22,2.76,20
5/5/2024 22:00,17.63,74.84,101.54,0.46,1.22,3.22,3.4,22
5/5/2024 23:00,24.87,83.45,101.44,0.81,1.1,1.61,7.08,20
5/6/2024 0:00,26.44,73.32,101.36,0.12,1.85,2.72,8.13,25
5/6/2024 1:00,21.71,83,100.91,0.55,2.55,0.52,1.29,22
5/6/2024 2:00,23.21,41.78,101.65,0.57,2.58,0.86,7.73,25
5/6/2024 3:00,17.37,52.71,101.22,0.44,1.44,2.1,3.99,22
5/6/2024 4:00,17.96,85.17,100.84,0.64,2.77,3.8,6.09,25
5/6/2024 5:00,17.71,67.68,101.44,0.43,2.66,0.32,4.38,21
5/6/2024 6:00,26.7,56.77,101.58,0.35,1.16,1.12,0.74,20
5/6/2024 7:00,16.35,56.88,101.06,0.34,2.35,3.92,0.54,22
5/6/2024 8:00,18.01,87.14,101.64,0.37,2.48,0.76,6.75,21
5/6/2024 9:00,25.21,43.99,100.88,0.7,1.46,3.78,7.86,25
5/6/2024 10:00,19.05,55.76,101.16,0.2,1.4,3.41,5.66,23
5/6/2024 11:00,23.55,53.5,101.13,0.28,1.85,2.96,2.28,25
5/6/2024 12:00,22.66,79.3,101.68,0.55,2.52,0.2,4.09,20
5/6/2024 13:00,26.83,63.26,101.36,0.18,1.06,0.49,8.91,24
5/6/2024 14:00,20.63,67.69,100.95,0.95,2.38,1.62,7.77,23
5/6/2024 15:00,21.12,44.91,101.28,0.87,2.43,3.57,5.38,23
5/6/2024 16:00,26.78,57.89,101.09,0.07,1.92,3.82,9.8,23
5/6/2024 17:00,20.64,73.74,101.16,0.05,1.27,3.05,0.76,23
5/6/2024 18:00,19.93,47.63,101.4,0.18,2.11,1.17,3.33,20
5/6/2024 19:00,16.08,61.09,101.25,0.3,2.46,1.02,2.37,24
5/6/2024 20:00,23.53,40.82,101.38,0.14,1.92,1.9,6.63,20
5/6/2024 21:00,21.46,84.3,101.43,0.52,2.28,0.16,2.79,25
5/6/2024 22:00,22.54,82.73,101.76,0.98,2.07,3.19,6.79,22
5/6/2024 23:00,23.88,57.75,101.3,0.88,2.64,0.89,6.88,20
5/7/2024 0:00,22.31,50.63,101.17,0.21,1.41,3.72,6.6,20
5/7/2024 1:00,17.59,80.23,100.88,0.53,2.4,1.88,1.41,25
5/7/2024 2:00,16.68,41.4,100.88,0.24,2.67,0.13,9.79,25
5/7/2024 3:00,25.17,43.28,101.07,0.01,2.02,0.73,8.58,22
5/7/2024 4:00,18.13,50.15,101.13,0.13,2.38,2.59,6.38,24
5/7/2024 5:00,18.34,44.02,101.65,0.24,1.18,0.15,0.66,23
5/7/2024 6:00,20.86,74.81,101.14,0.31,1.51,2.89,6.38,23
5/7/2024 7:00,17.98,55.44,101.56,0.34,2.02,0.74,2.05,24
5/7/2024 8:00,23.99,59.89,100.88,0.95,1.97,2.82,5.38,22
5/7/2024 9:00,20.28,44.38,101.09,0.85,1.97,0.77,5.12,25
5/7/2024 10:00,23.72,52.22,101.65,0.95,1.44,0.5,3.36,20
5/7/2024 11:00,17.21,78.42,101.71,0.54,1.65,3.82,2.39,22
5/7/2024 12:00,22.91,48.78,100.83,0.52,2.42,0.51,5.16,20
5/7/2024 13:00,17.44,74.54,100.96,0.19,1.31,1.31,6.81,22
5/7/2024 14:00,22.17,65.4,101.46,0.72,1.75,3.85,2.83,20
5/7/2024 15:00,18.98,51.21,101.37,0.42,1.02,2.09,5.99,21
5/7/2024 16:00,18.14,71.16,101.27,0.41,1.51,3.1,9.32,20
5/7/2024 17:00,20.96,68.22,101.43,0.23,1.62,3.99,3.26,20
5/7/2024 18:00,16.52,40.99,101.65,0.12,2.15,1.22,1.09,21
5/7/2024 19:00,26.83,74.35,101.08,0.35,2.12,1.87,5.47,24
5/7/2024 20:00,20.79,78.76,101.66,0.58,1.69,3.07,7.22,21
5/7/2024 21:00,24.22,77.89,101.22,0.96,1.96,3.66,6.37,21
5/7/2024 22:00,16.97,70.69,101.57,0.63,2.13,0.15,0.56,24
5/7/2024 23:00,24.49,44.24,101.43,0.55,1.17,3.26,1.64,23
5/8/2024 0:00,19.31,60.81,101.43,0.98,2.47,0.5,7.41,25
5/8/2024 1:00,20.75,80.52,101.02,0.01,1.31,1.82,6.92,21
5/8/2024 2:00,26.85,62.4,101.35,0.92,1.01,1.85,4.37,20
5/8/2024 3:00,19.16,86.92,101.56,0.64,1.86,0.13,1.75,23
5/8/2024 4:00,22.29,81.43,101.19,0.67,1.71,1.42,8.14,24
5/8/2024 5:00,19.96,87.87,101.73,0.23,1.13,0.21,4.2,25
5/8/2024 6:00,18.76,72.77,101.37,0.29,1.71,3.97,8.77,24
5/8/2024 7:00,26.65,54.02,101.44,0.65,2.73,0.77,7.39,22
5/8/2024 8:00,17.87,72.5,101.29,0.48,1.04,1.92,8.22,20
5/8/2024 9:00,20.26,55.97,100.9,0.74,1.69,3.34,5.87,21
5/8/2024 10:00,26.42,41.8,100.9,0.98,2.18,2.06,8.52,24
5/8/2024 11:00,16.66,61.83,101.02,0.09,2.32,1.56,4.07,23
5/8/2024 12:00,25.11,87.15,101.53,0.18,2.72,3.05,2.48,25
5/8/2024 13:00,16.07,74.05,101.21,0.23,1.43,3.26,7.62,20
5/8/2024 14:00,18.83,68.95,101.31,0.75,1.22,0.68,0.4,25
5/8/2024 15:00,25.04,65.43,100.84,0.57,2.6,2.52,7.57,25
5/8/2024 16:00,27.76,82.42,101.34,0.45,1.02,2.01,4.19,23
5/8/2024 17:00,18.63,54.29,101.76,0.71,1.92,0.49,4.11,23
5/8/2024 18:00,22.44,62.12,100.99,0.19,1.81,0.14,8.83,21
5/8/2024 19:00,21.92,71.15,101.39,0.51,2.57,0.29,4.88,24
5/8/2024 20:00,25.43,52.32,100.99,0.06,2.66,2.56,7.74,24
5/8/2024 21:00,20.6,71.28,101.33,0.58,2.14,0.37,1.74,21
5/8/2024 22:00,22.28,43.86,101.35,0.17,1.47,2.79,2.82,23
5/8/2024 23:00,25.4,77.82,101.6,0.08,1.2,2.47,6.23,24
5/9/2024 0:00,17.81,60.22,101.45,0.85,1.9,1.57,2.89,20
5/9/2024 1:00,25.97,68.1,101.7,0.52,2.62,0.67,4.64,22
5/9/2024 2:00,18.82,59.01,101,0.71,2.81,1.01,4.17,20
5/9/2024 3:00,25.35,50.63,101.7,0.03,1.93,3.52,7.73,21
5/9/2024 4:00,23.05,44.91,100.98,0.3,2.49,1.21,3.77,20
5/9/2024 5:00,16.76,43.97,101.64,0.63,2.5,1.82,2.37,24
5/9/2024 6:00,23.61,66.68,101.72,0.33,2.31,2.7,9.55,21
5/9/2024 7:00,16.84,80.92,101.51,0.41,1.98,1.1,2.52,24
5/9/2024 8:00,26.15,53.88,101.31,0.68,1.15,2.3,1.53,23
5/9/2024 9:00,18.27,87.73,101.09,0.82,2.21,0.75,7.69,20
5/9/2024 10:00,27.78,84.33,100.93,0.07,2.41,3.11,1.34,25
5/9/2024 11:00,27.1,48,101.69,0.5,2.5,1.02,9,23
5/9/2024 12:00,26.21,68.24,100.84,0.87,2.62,1.17,4.65,22
5/9/2024 13:00,21.32,77.1,101.35,0.62,1.76,1.02,6.63,23
5/9/2024 14:00,18.78,59.97,101.41,0.55,1.6,0.22,6.6,25
5/9/2024 15:00,22.59,55.81,101.52,0.4,1.82,2.45,3.83,23
5/9/2024 16:00,21.79,53.77,101.74,0.93,2.52,3.91,5.86,24
5/9/2024 17:00,19.8,67.35,101.45,0.15,2.09,1.93,2.08,25
5/9/2024 18:00,27.62,46.7,100.8,0.74,1.9,3.15,4.51,25
5/9/2024 19:00,26.32,83.45,100.91,0.11,1.65,0.87,4.4,22
5/9/2024 20:00,23.97,52.45,101.13,0.88,1.52,0.44,6.24,20
5/9/2024 21:00,27.75,40.74,101.18,0.49,1.73,2.15,3.42,20
5/9/2024 22:00,20.47,57.48,101.02,0.7,2.75,1.09,9.06,21
5/9/2024 23:00,20.15,88.96,101.42,0.8,2.12,3.67,2.7,25
5/10/2024 0:00,19.25,49.66,101.09,0.94,2.28,3.43,8.79,21
5/10/2024 1:00,23.33,49.11,101.11,0.37,2.22,2.27,4.43,23
5/10/2024 2:00,21,46.91,101.63,0.83,2.15,2.29,6.37,24
5/10/2024 3:00,25.22,57.16,101.66,0.83,1.9,3.11,1.89,24
5/10/2024 4:00,17.93,60.47,101.35,0.87,2.51,1.15,5.21,22
5/10/2024 5:00,24.01,66.31,101.38,0.58,1.69,3.46,2.96,21
5/10/2024 6:00,24.92,51.51,101.23,0.07,1.44,0.84,2.65,20
5/10/2024 7:00,16.87,76.06,101.57,0.16,2.11,2.81,3.03,24
5/10/2024 8:00,25.17,88.7,101.01,0.26,1.94,2.96,0.96,20
5/10/2024 9:00,18.93,87.01,101.12,0.99,1.1,3.35,7.12,23
5/10/2024 10:00,26.86,40.33,101.52,0.69,1.81,3.51,5.78,21
5/10/2024 11:00,21.73,70.78,101.03,0.65,2.58,3.99,0.35,24
5/10/2024 12:00,20.87,79.59,101.3,0.51,2.6,3.04,7.96,20
5/10/2024 13:00,26.1,43.04,101.17,0.94,1.1,2.73,9.69,24
5/10/2024 14:00,25.62,61.87,101.64,0.02,2.4,2.76,1.65,22
5/10/2024 15:00,21.8,40.11,101.31,0.61,2.84,3.66,7.25,20
5/10/2024 16:00,25.82,61.65,100.95,0.55,2.85,2.8,4.29,21
5/10/2024 17:00,24.3,63.02,101.31,0.48,1.71,3.11,1.62,20
5/10/2024 18:00,26.65,56.65,101.65,0.94,2.01,0.85,4.03,20
5/10/2024 19:00,23.55,80.58,101.56,0.46,1.88,1.96,9.78,25
5/10/2024 20:00,27.12,78.32,101.28,0.15,1.38,1.29,2.86,23
5/10/2024 21:00,25.96,43.08,100.94,0.55,1.43,0.23,7.55,24
5/10/2024 22:00,27.16,51.62,101.28,0.29,2.88,3.95,7.04,21
5/10/2024 23:00,22.18,73.42,101.8,0.7,2.06,3.85,5.34,20
5/11/2024 0:00,27.31,65.85,100.89,0.32,2.83,0.8,0.58,20
5/11/2024 1:00,25.32,88.24,100.94,0.03,2.56,3.89,6.04,21
5/11/2024 2:00,19.08,74.59,100.93,0.21,2.35,1.85,9.62,23
5/11/2024 3:00,23.44,51.44,101.76,0.56,2.56,1.57,0.73,23
5/11/2024 4:00,27.3,66.94,101.19,0.17,2.68,3.6,9.88,20
5/11/2024 5:00,26.79,46.53,101.29,0.07,2.32,1.57,3.31,20
5/11/2024 6:00,23.52,45.5,101.32,0.63,1.63,2.25,6.75,20
5/11/2024 7:00,16.13,78.83,100.83,0.95,2.58,2.29,8.35,24
5/11/2024 8:00,21.88,84.85,101.55,0.93,1.56,2.89,7.29,25
5/11/2024 9:00,26.42,56.6,100.94,0.92,1.36,0.71,0.95,22
5/11/2024 10:00,25.14,48.22,101.43,0.02,2.88,0.54,4.23,21
5/11/2024 11:00,21.18,56.67,101.75,0.07,2.46,0.2,3.3,23
5/11/2024 12:00,26.22,61.68,101.05,0.96,2.3,1.4,8.81,25
5/11/2024 13:00,18.5,46.03,101.6,0.5,2.68,1.84,1.88,23
5/11/2024 14:00,18.53,62.5,100.83,0.17,2.67,3.33,5.82,22
5/11/2024 15:00,18.94,82.37,101.64,0.17,1.99,2.72,9.28,21
5/11/2024 16:00,21.9,88.59,101.57,0.36,1.72,1.52,1.23,25
5/11/2024 17:00,18.83,63.11,101.31,0.65,1.07,0.22,3.72,23
5/11/2024 18:00,17.59,62.34,101.52,0.24,1.27,0.12,6.67,21
5/11/2024 19:00,19.79,42.56,101.23,0.54,1.53,0.82,5.87,24
5/11/2024 20:00,27.97,57,101.75,0.97,2,3.3,4.56,21
5/11/2024 21:00,20.08,61.06,101.73,0.27,2.67,3.75,5.18,25
5/11/2024 22:00,23.39,86,101.12,0.58,1.12,0.56,8.81,23
5/11/2024 23:00,19.47,40.24,101.07,0.05,2.21,3.11,8.8,25
5/12/2024 0:00,19.12,74.64,101.29,0.3,2.51,2.84,7.04,22
5/12/2024 1:00,22.6,57.44,101.35,0.5,1.42,3.79,5.02,22
5/12/2024 2:00,17.29,67.94,101.13,0.49,1.34,3.17,0.57,25
5/12/2024 3:00,21.14,85.88,101.52,0.09,2.69,2.08,6.21,22
5/12/2024 4:00,20.27,89.44,101.04,0.45,1.94,1.56,8.64,25
5/12/2024 5:00,21.85,52.62,101.73,0.22,1.96,3.85,5.36,21
5/12/2024 6:00,22.35,75.82,101.2,0.41,1.98,2.29,0.69,21
5/12/2024 7:00,18.95,88.41,101.1,0.47,2.76,3.28,2.94,20
5/12/2024 8:00,16.95,50.98,101.32,0.29,2.49,1.28,2.34,25
5/12/2024 9:00,21.73,58.75,100.81,0.37,2.56,1.32,4.29,21
5/12/2024 10:00,25.98,40.08,101.65,0.61,2.52,2.83,3.68,21
5/12/2024 11:00,24.93,40.57,101.62,0.86,2.87,0.8,1.29,24
5/12/2024 12:00,19.31,77.23,101.49,0.53,2.74,1.05,8.61,25
5/12/2024 13:00,24.02,62.13,101.07,0.44,1.28,1.68,0.68,20
5/12/2024 14:00,22.44,87.88,101.4,0.91,1.64,1.77,2.51,20
5/12/2024 15:00,22.88,54.58,101.4,0.23,1.86,0.69,5.23,24
5/12/2024 16:00,27.8,45.02,100.95,0.04,1.38,1.42,6.28,23
5/12/2024 17:00,24.16,75.03,100.95,0.65,1.79,0.94,8.37,21
5/12/2024 18:00,17.38,58.09,101.74,0.6,2.78,3.57,7.34,21
5/12/2024 19:00,24.14,52.1,101.41,0.59,1.54,0.33,5.58,22
5/12/2024 20:00,23.17,63.97,101.11,0.38,2.44,2.25,2.14,21
5/12/2024 21:00,27.76,65.32,101.71,0.97,1.96,3.52,1.06,24
5/12/2024 22:00,22.06,51.72,101.71,0.98,1.31,3.07,7.37,20
5/12/2024 23:00,17.37,84.62,100.89,0.88,1.69,1.97,5.3,21
5/13/2024 0:00,17.89,75.82,100.97,0.03,1.07,1.76,1.99,22
5/13/2024 1:00,24.69,80.37,101.03,0.16,1.52,2.29,5.3,24
5/13/2024 2:00,20.79,44.09,101.7,0.25,2.09,3.38,7.96,23
5/13/2024 3:00,27.03,43.55,101.05,0.39,1.76,0.38,4.43,23
5/13/2024 4:00,24.19,74.31,101.1,0.75,1.59,3.52,5.39,20
5/13/2024 5:00,26.74,86.83,101.11,0.83,1.06,3.06,5.22,24
5/13/2024 6:00,20.45,74.71,101.53,0.27,2.11,1.86,0.9,21
5/13/2024 7:00,22.13,73.07,101.47,0.39,1.72,2.24,1.22,23
5/13/2024 8:00,17.63,88.14,101.16,0.18,2.62,0.85,4.67,23
5/13/2024 9:00,20.72,64.07,101.78,0.59,2.62,2.14,1.35,22
5/13/2024 10:00,17.41,60.94,101.19,0.3,2.64,1.19,6.84,21
5/13/2024 11:00,16.08,43.67,101.71,0.47,1.13,2.17,0.55,25
5/13/2024 12:00,26.71,59.71,101,0.68,1.99,1.72,2.66,20
5/13/2024 13:00,19.61,46.56,101.28,0.01,1.84,3.65,6.72,20
5/13/2024 14:00,25.05,88.81,101.06,0.16,1.41,2.82,5.14,20
5/13/2024 15:00,25.75,87.59,101.25,0.56,2,1.78,3.04,22
5/13/2024 16:00,18.05,76.68,101.06,0.45,2.1,2.78,5.99,25
5/13/2024 17:00,21.77,62.95,101.79,0.28,2.72,3.31,3.99,22
5/13/2024 18:00,20.71,54.24,101.06,0.76,2.1,3.77,0.91,22
5/13/2024 19:00,23.04,49.63,101.03,0.07,1.58,0.95,4.81,25
5/13/2024 20:00,26.79,78.53,100.96,0.48,2.83,2.8,1.98,21
5/13/2024 21:00,19.6,62.79,101.02,0.21,1.28,3.01,3.65,24
5/13/2024 22:00,18.52,81.85,101.68,0.33,2.62,1.28,0.4,22
5/13/2024 23:00,27.39,40.44,101.74,0.2,2.6,0.16,4.91,20
5/14/2024 0:00,23.15,71.32,101,0.84,2.71,1.42,0.85,24
5/14/2024 1:00,25.24,46.87,101.51,0.41,2.6,3.15,7.4,24
5/14/2024 2:00,18.76,50.09,101.01,0.64,2.58,2.77,9.38,20
5/14/2024 3:00,21.53,88.73,101.07,0.3,1.75,3.3,2.06,24
5/14/2024 4:00,18.02,43.09,101.57,0.67,2.25,2.81,5.97,20
5/14/2024 5:00,27.65,74.49,101.37,0.28,2.83,3.98,8.03,24
5/14/2024 6:00,19,71.56,100.86,0.31,2.44,3.7,3,22
5/14/2024 7:00,19.46,45.3,101.58,0.44,2.44,3.25,1.4,21
5/14/2024 8:00,26.17,63.42,101.24,0.5,2.07,0.54,1.18,23
5/14/2024 9:00,26.75,87.57,101.44,0.53,2.27,2.85,5.53,20
5/14/2024 10:00,21.76,85.83,100.81,0.23,2.26,2.63,8.01,25
5/14/2024 11:00,22.82,46.36,101.31,0.72,1.84,2.66,9.03,24
5/14/2024 12:00,27.39,40.67,100.81,0.47,1.59,3.11,4.01,20
5/14/2024 13:00,19.13,71.86,101.09,0.8,2.58,0.53,6.28,22
5/14/2024 14:00,18.33,71.12,101.33,0.7,1.98,3.48,8.52,20
5/14/2024 15:00,24.66,58.97,101.05,0.94,1.68,3.7,9.37,20
5/14/2024 16:00,18.83,84.25,101.28,0.26,1.96,3.25,5.76,24
5/14/2024 17:00,20.43,62.48,101.53,0.26,2.57,3.22,6.29,24
5/14/2024 18:00,19.78,78,100.93,0.65,2.83,1.78,8.42,22
5/14/2024 19:00,18.34,87.39,101.46,0.35,1.18,2.91,1.01,23
5/14/2024 20:00,27.82,57.65,101.75,0.16,2.7,2.87,9.29,25
5/14/2024 21:00,18.97,77.78,101.66,0.34,2.21,0.21,8.21,25
5/14/2024 22:00,21.88,73.18,100.87,0.53,2.19,0.12,9.4,22
5/14/2024 23:00,24.15,72.03,101.55,0.31,1.86,2.8,9.84,21
5/15/2024 0:00,16.54,86.32,101.02,0.77,1.52,3.21,1.2,20
5/15/2024 1:00,16.26,46.88,101.03,0.27,2.52,0.62,6.78,24
5/15/2024 2:00,16.17,43.26,100.97,0.87,1.33,1.15,4.8,20
5/15/2024 3:00,18.25,73.38,101.26,0.24,2.71,3.27,2.25,25
5/15/2024 4:00,23.41,78.55,100.94,0.43,1.95,1.13,7.57,20
5/15/2024 5:00,27.57,46.5,100.91,0.28,1.85,1.87,0.6,23
5/15/2024 6:00,26.18,82.73,101.27,0.69,1.06,1.35,3.89,24
5/15/2024 7:00,19.98,69.52,101.27,0.93,1.28,0.53,4.42,25
5/15/2024 8:00,16.15,87.66,100.99,0.18,2.15,3.84,4.28,25
5/15/2024 9:00,21.52,73.35,100.85,0.48,1.3,2.69,2.49,21
5/15/2024 10:00,25.26,73.39,101.7,0.46,1.01,3.36,3.17,20
5/15/2024 11:00,18.52,57.81,101.6,0.89,2.15,3.25,1.48,23
5/15/2024 12:00,23.08,72.19,101.22,0.81,1.14,0.41,8.67,24
5/15/2024 13:00,17.97,53.44,100.95,0.75,2.16,0.68,7.09,23
5/15/2024 14:00,20.48,70.37,101.64,0.57,2.84,1.24,8.12,20
5/15/2024 15:00,25.97,66.69,101.22,0.56,1.47,3.77,7.78,24
5/15/2024 16:00,25.27,55.01,101.74,0.93,1.34,2.58,7.47,25
5/15/2024 17:00,21.33,48.31,101.68,0.32,2.83,0.39,7.17,21
5/15/2024 18:00,27.9,78.65,101.56,0.42,2.64,1.37,2.17,24
5/15/2024 19:00,27.34,61.34,101,0.46,2.81,0.71,5.51,20
5/15/2024 20:00,21.58,66.58,101.77,0.09,1.77,1.74,0.94,25
5/15/2024 21:00,23.76,80.09,101.36,0.83,2.26,0.95,2.55,22
5/15/2024 22:00,22.26,87.42,101.07,0.47,2.66,1.14,2.61,25
5/15/2024 23:00,19.5,89.96,101,0.26,1.61,2.25,9.25,23
5/16/2024 0:00,24.18,85.56,101.18,0.79,2.88,3.81,0.29,21
5/16/2024 1:00,25.01,50.63,101.36,0.86,1.84,2.46,7.34,22
5/16/2024 2:00,26.48,75.32,101.71,0.21,2.4,3.78,4.66,24
5/16/2024 3:00,19.47,62.47,101,0.22,1.04,1.75,7.05,25
5/16/2024 4:00,23.39,70.47,101.37,0.42,2.86,0.5,7.86,20
5/16/2024 5:00,24.14,56.58,101.21,0.72,2.16,2.44,0.27,21
5/16/2024 6:00,25.13,77.5,100.81,0.24,1.09,3.82,5.35,20
5/16/2024 7:00,25.64,53.62,101.41,0.35,2.6,2.07,0.35,22
5/16/2024 8:00,20.15,58.03,101.09,0.74,1.23,1.03,1.85,23
5/16/2024 9:00,22.5,86.78,101.16,0.46,1.5,2.68,4.47,20
5/16/2024 10:00,24.85,69.45,101.37,0.76,1.71,3.74,9.8,23
5/16/2024 11:00,26.93,58.2,101.71,0.59,1.66,0.27,6.83,24
5/16/2024 12:00,16.01,59.42,101.28,0.77,1.29,1.64,9.7,23
5/16/2024 13:00,21.9,89.14,101.66,0.14,1.37,0.16,4.67,22
5/16/2024 14:00,16.93,66.29,101.38,0.97,1.94,2.55,1.52,22
5/16/2024 15:00,18.3,46.7,100.97,0.38,1.59,3.82,1.76,24
5/16/2024 16:00,19.08,83.9,101.51,0.37,1.6,2.02,2.01,24
5/16/2024 17:00,16.72,88.43,100.88,0.38,2.71,1.35,4.01,22
5/16/2024 18:00,27.97,74.88,100.88,0.74,1.04,3.6,6.4,23
5/16/2024 19:00,24.92,58.98,101.63,0.02,1.64,1.44,6.87,24
5/16/2024 20:00,21.71,61.47,101.21,0.5,2.29,3.22,7.07,23
5/16/2024 21:00,19.28,74.7,100.9,0.58,1,2.79,3.13,25
5/16/2024 22:00,17.77,50.71,101.68,0.4,1.94,1.36,6.39,25
5/16/2024 23:00,25.11,48,101.15,0.96,2.69,2.16,8.88,23
5/17/2024 0:00,18.47,58.76,100.9,0.86,1.37,3.44,6.86,20
5/17/2024 1:00,23.36,42.74,101.39,0.55,1.61,2.02,4.77,22
5/17/2024 2:00,23.19,57.19,101.36,0.37,1.05,2.52,8.96,24
5/17/2024 3:00,24.68,70.36,101.3,0.29,1.38,1.07,9.48,20
5/17/2024 4:00,16.33,48.44,101.14,0.85,1.86,2.8,1.81,22
5/17/2024 5:00,23.38,45.95,101.63,0.25,1.63,1.92,8.18,22
5/17/2024 6:00,27.35,86.75,101.79,0.18,1.19,3.89,8.66,22
5/17/2024 7:00,24.52,79.27,100.97,0.41,1.71,0.42,0.97,21
5/17/2024 8:00,26.67,80.56,101.5,0.4,2.8,0.6,3.16,25
5/17/2024 9:00,22.08,45.73,101.22,0.71,1.23,0.16,4.65,25
5/17/2024 10:00,19.31,83.65,101.47,0.69,2.26,1.96,4.15,24
5/17/2024 11:00,17.35,57.03,101.58,0.37,1.24,0.19,3.53,25
5/17/2024 12:00,25.6,56.71,101.14,0.88,1.8,2.62,3.34,21
5/17/2024 13:00,24.91,82.01,101.47,0.06,1.43,1.07,0.58,23
5/17/2024 14:00,21.26,79.92,101.67,0.64,1.15,3.25,5.02,22
5/17/2024 15:00,17.65,75.87,101.78,0.43,2.41,3.48,1.23,22
5/17/2024 16:00,27.1,89.51,101.22,0.1,2.07,2.39,5.31,24
5/17/2024 17:00,22.41,87.24,101.17,0.36,1.45,0.36,7.02,22
5/17/2024 18:00,24.65,64.24,101.62,0.89,1.66,3.74,5.72,25
5/17/2024 19:00,22.83,59.66,100.84,0.32,2.75,2.29,1.25,22
5/17/2024 20:00,19.65,86.16,101.23,0.35,1.87,1.53,2.61,25
5/17/2024 21:00,18.03,49.43,101.59,0.58,2.02,1.82,9.61,24
5/17/2024 22:00,25.44,45.32,101.37,0.86,2.22,1,3.51,25
5/17/2024 23:00,16.88,45.46,101.53,0.52,1.78,3.81,9.77,22
5/18/2024 0:00,23.39,71.32,101.72,0.52,2.78,3.11,6.48,24
5/18/2024 1:00,16.85,40.33,101.04,0.9,1.12,1.12,5.01,20
5/18/2024 2:00,23.84,51.1,101.28,0.84,1.5,1.96,1.59,22
5/18/2024 3:00,16.78,87.9,101.72,0.18,1.55,0.58,7.75,24
5/18/2024 4:00,18.35,47.62,101.63,0.5,1.44,0.74,1.3,20
5/18/2024 5:00,16.47,60.89,101.32,0.07,2.66,2.86,6.07,23
5/18/2024 6:00,26.87,89.67,101.54,0.91,1.18,2.12,9.45,20
5/18/2024 7:00,26.89,47.53,101.17,0.28,1.44,2.46,3.98,22
5/18/2024 8:00,23.11,70.77,101.24,0.47,1.35,1.35,8.1,24
5/18/2024 9:00,24.54,59.19,101.71,0.06,1.78,2.24,4.1,24
5/18/2024 10:00,26.22,74.85,101.14,0.6,2.23,3.24,1.9,24
5/18/2024 11:00,21.31,74.62,101.06,0.74,2.53,2.17,8.45,22
5/18/2024 12:00,24.68,82.23,101.04,0.61,2.3,3.15,7.5,20
5/18/2024 13:00,18,86.54,101.67,0.2,2.53,3.14,9.66,21
5/18/2024 14:00,22.11,43.5,100.85,0.14,2.09,0.48,8.26,22
5/18/2024 15:00,20.67,89.91,101.22,0.12,1.61,1.81,3.19,23
5/18/2024 16:00,27.25,41.12,100.91,0.86,2.18,0.5,6.46,25
5/18/2024 17:00,26.12,51.33,101.38,0.69,1.82,2.56,7.49,24
5/18/2024 18:00,18.25,50.01,100.96,0.27,1.56,3.99,2.22,22
5/18/2024 19:00,27.05,79.71,101.61,0.65,2.47,2.06,8.58,24
5/18/2024 20:00,23.7,62.48,101.1,0.23,2.16,1.26,6.63,23
5/18/2024 21:00,24.9,56.72,101.29,0.79,2.73,1.85,2.96,24
5/18/2024 22:00,26.25,65,101.56,0.68,2.77,0.37,3.66,21
5/18/2024 23:00,23.56,49.41,101.15,0.98,2.48,1.33,6.26,23
5/19/2024 0:00,26.4,77.58,101.02,0.26,1.6,1.91,6.72,22
5/19/2024 1:00,23.4,42.37,101.47,0.4,2.89,3.58,5.53,25
5/19/2024 2:00,23.74,60.21,100.82,0.8,1.7,0.12,8.57,21
5/19/2024 3:00,19.37,62.97,101.12,0.26,1.75,3.51,6.39,23
5/19/2024 4:00,20.39,64.19,101.58,0.63,2.43,0.99,9.42,24
5/19/2024 5:00,19.74,61.7,101.24,0.23,1.63,2.52,1.81,20
5/19/2024 6:00,20.35,54.55,101.56,0.31,1.84,0.77,7.2,20
5/19/2024 7:00,23.74,54.46,100.91,0.63,2.38,0.57,5.28,23
5/19/2024 8:00,24.17,72.72,100.96,0.53,1.58,2.5,6.29,21
5/19/2024 9:00,18.55,77.24,101.71,0.16,1.73,3.93,0.65,24
5/19/2024 10:00,21.66,70.63,101.55,0.47,1.05,2.95,0.35,25
5/19/2024 11:00,16.62,41.18,101.47,0.49,1.5,0.44,3.96,24
5/19/2024 12:00,26.9,66.28,101.58,0.97,2.86,3.25,6,20
5/19/2024 13:00,27.09,75.18,101.1,0.45,1.61,2.68,8.22,22
5/19/2024 14:00,21.22,67.31,100.96,0.52,1.9,1.03,3.77,22
5/19/2024 15:00,16.3,50.51,101.34,0.6,2.35,2.25,4.24,22
5/19/2024 16:00,24.73,51,100.89,0.09,1.41,0.13,9.82,21
5/19/2024 17:00,20.93,50.62,100.92,0.91,1.43,2.77,5.79,20
5/19/2024 18:00,24.65,48.18,101.04,0.05,2.83,0.82,1.55,21
5/19/2024 19:00,24.31,73.36,101.16,0.74,1.24,1.94,2.16,20
5/19/2024 20:00,23.12,47.99,100.89,0.66,1.86,1.06,5.31,24
5/19/2024 21:00,16.77,67.24,101.21,0.58,2.53,1.61,5.92,24
5/19/2024 22:00,23.06,76.42,101.58,0.35,2.15,3.95,9.77,25
5/19/2024 23:00,26.94,83.24,100.85,0.85,1.32,3.12,6.52,20
5/20/2024 0:00,21.76,89.84,101.49,0.83,1.9,2.04,1.9,24
5/20/2024 1:00,23.85,72.54,101.06,0.55,2.13,2.5,6.64,21
5/20/2024 2:00,23.05,41.34,101.54,0.97,1.76,1.03,7.5,24
5/20/2024 3:00,16.01,59.5,101.66,0.51,1.58,3.98,8.45,24
5/20/2024 4:00,25.37,69.92,101.6,0.36,2.87,1.68,0.94,20
5/20/2024 5:00,21.75,74.34,101.76,0.7,1.46,3.61,1.81,22
5/20/2024 6:00,19.19,86.27,101.47,0.28,1.79,1.64,9.41,25
5/20/2024 7:00,19.76,43.84,101.28,0.1,1.37,0.14,2.51,20
5/20/2024 8:00,22.16,57.37,101.17,0.87,2.72,3.2,3.81,21
5/20/2024 9:00,24.45,49.14,101.24,0.29,1.89,1,3.16,20
5/20/2024 10:00,24.89,87.75,101.69,0.29,2.79,3.85,8.26,22
5/20/2024 11:00,19.19,68.18,101,0.28,2.2,2.33,5.58,23
5/20/2024 12:00,20.69,87.83,100.83,0.25,2.84,2.36,5.64,24
5/20/2024 13:00,25,67.81,101.63,0.8,1.36,3.67,7.05,21
5/20/2024 14:00,19.51,69.05,100.97,0.61,1.41,0.27,0.63,23
5/20/2024 15:00,27.86,56.03,101.26,0.85,2.86,3.93,7.53,20
5/20/2024 16:00,21.75,70.29,101.44,0.96,1.09,1.98,1.08,23
5/20/2024 17:00,23.68,60.94,101.17,0.19,2.64,2.66,5.91,25
5/20/2024 18:00,23,57.27,101.39,0.16,2.52,2.8,8.85,23
5/20/2024 19:00,25.29,85.41,100.83,0.5,2,0.82,6.86,24
5/20/2024 20:00,26.61,74.7,101.65,0.45,2.65,0.26,7.79,22
5/20/2024 21:00,26.56,47.23,101.64,0.79,1.78,3.84,2.3,25
5/20/2024 22:00,20.43,72,101.09,0.74,1.55,3.5,8.67,21
5/20/2024 23:00,27.99,63.89,101.78,0.91,2.51,0.11,7.14,23
5/21/2024 0:00,18.68,76.32,101.07,0.28,1.26,3.18,6.04,23
5/21/2024 1:00,24.26,66.79,100.82,0.89,1.04,2.56,2.97,20
5/21/2024 2:00,18.42,66.46,100.83,0.32,1.32,3.05,9.37,23
5/21/2024 3:00,27.43,65.78,101.29,0.91,1.24,1.68,7.45,21
5/21/2024 4:00,25.29,45.75,101.31,0.01,2.63,2.22,1.22,21
5/21/2024 5:00,17.72,89.97,101.58,0.68,2.25,1.22,0.84,21
5/21/2024 6:00,18.1,70.91,101.68,0.28,1.6,1.06,4.44,23
5/21/2024 7:00,24.39,78.51,101.27,0.38,2.85,1.85,7.09,24
5/21/2024 8:00,26.46,89.44,100.93,0.65,1.54,3.07,1.53,21
5/21/2024 9:00,16.85,40.21,101.42,0.49,2.31,2.74,2.21,22
5/21/2024 10:00,17.55,63.59,101.1,0.82,2.48,2.74,1.94,21
5/21/2024 11:00,22.01,50.05,101.14,0.75,2.05,3.53,8.32,20
5/21/2024 12:00,16.11,87.46,101.71,0.62,2.6,1.07,5.98,24
5/21/2024 13:00,25.87,43.54,100.91,0.87,1.76,1.34,0.58,21
5/21/2024 14:00,17.1,41.3,100.89,0.74,2.27,2.52,9.85,20
5/21/2024 15:00,17.95,57.26,101.32,0.31,1.58,1.21,7.83,20
5/21/2024 16:00,26.54,64.9,100.83,0.88,1.55,1.14,8.05,20
5/21/2024 17:00,27.35,62.59,101.74,0.74,1.92,1.36,7.1,25
5/21/2024 18:00,18.17,40.37,100.85,0.84,1.81,3.21,6.19,25
5/21/2024 19:00,16.78,79.11,101.14,0.66,2.44,0.43,5.6,23
5/21/2024 20:00,16.59,59.31,100.87,0.6,1.47,2.05,0.42,20
5/21/2024 21:00,20.92,86.58,101.62,0.47,2.42,2.87,4.23,21
5/21/2024 22:00,20.31,41.47,101.2,0.55,2.64,2.93,7.69,22
5/21/2024 23:00,20.61,69.42,101.71,0.43,2.88,2.25,7.21,22
5/22/2024 0:00,18.27,63.49,100.94,0.63,1.36,0.95,0.44,24
5/22/2024 1:00,26.67,53.94,100.89,0.7,2.51,2.78,3.39,23
5/22/2024 2:00,27.81,74.27,101.23,0.43,1.19,1.67,2.12,22
5/22/2024 3:00,18.98,60.75,101.34,0.83,1.81,1.62,2.89,20
5/22/2024 4:00,20.15,72.06,101.52,0.03,2.64,0.85,5.5,21
5/22/2024 5:00,20.01,89.87,101.73,0.85,2.72,3.8,4.48,20
5/22/2024 6:00,26.43,50.19,101.74,0.55,1.51,3.76,8.32,20
5/22/2024 7:00,20.4,71.98,101.11,0.54,2.24,3.27,6.85,22
5/22/2024 8:00,21.37,72.59,101.4,0.7,1.12,1.69,7.22,23
5/22/2024 9:00,25.81,85.83,101.61,0.12,1.67,2.22,8.76,21
5/22/2024 10:00,19.73,81.28,101.19,0.21,2.4,0.52,7.15,25
5/22/2024 11:00,26.99,50.01,101.79,0.47,1.19,0.44,5.9,22
5/22/2024 12:00,23.04,42.68,100.91,0.84,1.86,0.98,3.3,23
5/22/2024 13:00,27.65,89.52,101.38,0.61,1.21,0.62,3.77,24
5/22/2024 14:00,19.79,57.1,101.67,0.98,1.34,0.63,7.88,25
5/22/2024 15:00,16.64,72.57,100.97,0.62,1.92,2.1,0.99,24
5/22/2024 16:00,18.89,49.41,101.78,0.48,1.75,1.63,2.07,23
5/22/2024 17:00,21.69,76.42,101.56,0.63,2.63,3.58,5.97,20
5/22/2024 18:00,26.98,85.18,101.09,0.5,1.59,2.13,6.92,20
5/22/2024 19:00,24.02,62.85,101.18,0.09,1.7,3.02,4.09,21
5/22/2024 20:00,22.65,71.31,101.31,0.26,2.75,1.64,8.46,25
5/22/2024 21:00,23.93,78.04,100.99,0.21,1.59,1.82,3.48,22
5/22/2024 22:00,19.61,49.39,100.83,0.85,2.46,3.88,9.54,25
5/22/2024 23:00,22.36,60.29,101.46,0.19,2.01,2.1,6.72,22
5/23/2024 0:00,27.46,47.86,100.82,0.12,1.04,1.93,7.11,21
5/23/2024 1:00,23.93,68.41,101.1,0.38,1.21,2.23,8.88,21
5/23/2024 2:00,16.09,40,101.01,0.73,1.97,3.83,4.42,25
5/23/2024 3:00,25.23,63.36,101.2,0.54,2.32,0.38,7.73,20
5/23/2024 4:00,25.21,81.65,101.65,0.71,1.48,1.53,0.6,23
5/23/2024 5:00,19.94,42.54,100.82,0.19,1.34,0.14,4.17,23
5/23/2024 6:00,17.2,86.8,101.32,0.27,2.03,3.05,9.68,21
5/23/2024 7:00,16.38,41.03,101.4,0.54,2.51,0.35,4.34,25
5/23/2024 8:00,24.24,40.14,101.6,0.67,2.54,3.93,5.82,22
5/23/2024 9:00,18.26,65.42,101.54,0.55,2.45,1.55,0.58,24
5/23/2024 10:00,19.39,54.72,101.27,0.03,1.46,0.11,4.25,24
5/23/2024 11:00,19.56,51.81,100.98,0.56,1.98,2.49,7.99,24
5/23/2024 12:00,26.78,58.36,101.13,0.98,2.6,2.72,3.72,23
5/23/2024 13:00,22.65,86.78,101.54,0.15,2.73,0.77,5.78,23
5/23/2024 14:00,19.26,72,101.69,0.94,1.97,0.34,6.12,21
5/23/2024 15:00,21.32,52.3,101.4,0.35,1.61,3.88,1.09,24
5/23/2024 16:00,23.65,43.3,101.14,0.7,2.14,3.03,3.9,20
5/23/2024 17:00,25.22,49.33,101.77,0.61,1.45,0.21,7.36,25
5/23/2024 18:00,25.34,84.79,101.75,0.49,2.54,1.95,0.38,23
5/23/2024 19:00,20.53,81.48,101.45,0.79,1.89,3.14,8.44,23
5/23/2024 20:00,27.39,48.61,101.19,0.49,1.77,0.32,3.73,20
5/23/2024 21:00,26.79,41.42,101.76,0.01,2.05,0.33,7.06,21
5/23/2024 22:00,21.56,71.54,101.67,0.42,2.51,3.14,4.28,25
5/23/2024 23:00,23.42,68.03,101.08,0.47,2.07,1.67,0.45,25
5/24/2024 0:00,24.48,41.21,101.76,0.61,1.59,0.59,8.07,22
5/24/2024 1:00,24.65,61.35,101.12,0.19,2.05,1.86,9.7,23
5/24/2024 2:00,21.52,64.5,101.66,0.92,1.28,3.99,9.31,20
5/24/2024 3:00,26.92,64.06,101.42,0.15,2.6,3.22,6.99,20
5/24/2024 4:00,25.82,67.98,101.46,0.79,2.47,2,2.94,23
5/24/2024 5:00,27.23,59.19,101.29,0.42,2.24,1.24,3,23
5/24/2024 6:00,21.64,72.52,101.03,0.44,1.26,3.32,7.89,20
5/24/2024 7:00,18.58,43.41,101.22,0.97,1.52,3.67,2.96,20
5/24/2024 8:00,21.5,66.2,101.24,0.71,1.74,3.77,2.64,22
5/24/2024 9:00,24.69,77.66,101.39,0.69,1.35,2.97,1.18,25
5/24/2024 10:00,24.01,55.08,101.12,0.04,2.77,3.12,7.75,23
5/24/2024 11:00,26.79,78.56,100.83,0.1,2.69,1.64,3.46,21
5/24/2024 12:00,17.95,85.39,101.2,0.8,2.14,2.31,3.76,24
5/24/2024 13:00,25.09,57.92,101.7,0.24,2.16,0.96,7.1,23
5/24/2024 14:00,27.45,47.75,101.63,0.57,2.23,1.14,2.48,22
5/24/2024 15:00,17.42,89.93,100.9,0.68,2.27,3.26,8.48,24
5/24/2024 16:00,17.82,81.12,101.35,0.52,2.84,0.89,2.66,21
5/24/2024 17:00,23.01,62.58,101.39,0.63,2.04,3.21,5.47,25
5/24/2024 18:00,17.76,60.65,101.39,0.86,2.55,1.8,2.56,21
5/24/2024 19:00,16.76,42.73,101.35,0.28,1.91,1.96,2.78,21
5/24/2024 20:00,27.23,66.64,101.56,0.98,2.49,1.11,3.35,21
5/24/2024 21:00,24.69,49.65,101.14,0.02,2.02,1.38,5.56,22
5/24/2024 22:00,23.07,87.81,101.12,0.25,1.49,3.93,5.49,24
5/24/2024 23:00,27.82,44.73,100.82,0.67,1.18,1.92,1.25,25
5/25/2024 0:00,25.25,42.48,101.35,0.49,2.65,2.18,5.12,22
5/25/2024 1:00,17.37,70.99,101.05,0.97,2.82,2.72,3.09,24
5/25/2024 2:00,16.44,62.63,101.53,0.07,2.51,2.91,5.18,20
5/25/2024 3:00,27.52,48.04,101.46,0.95,1.09,3.17,6.37,22
5/25/2024 4:00,19.14,42.63,101.23,0.1,1.12,0.58,9.6,25
5/25/2024 5:00,20.15,72.01,101.28,0.63,1.48,0.16,4.82,23
5/25/2024 6:00,20.1,81.18,100.82,0.09,2.87,0.86,3.89,23
5/25/2024 7:00,25.28,73.88,101.04,0.12,1.74,1.33,6.03,23
5/25/2024 8:00,16.13,85.99,101.57,0.37,2.36,1.61,5.75,23
5/25/2024 9:00,24.32,45.64,101.29,0.52,2.23,3.59,9.35,25
5/25/2024 10:00,18.3,76.4,101.17,0.52,2.68,0.8,3.82,21
5/25/2024 11:00,20.43,86.9,101.46,0.54,1.42,0.96,1.22,23
5/25/2024 12:00,23.68,50,101.21,0.35,1.18,1.09,7.42,25
5/25/2024 13:00,20.27,47.2,101.54,0.38,2.85,1.02,9.29,25
5/25/2024 14:00,16.81,40.21,101.66,0.35,2.81,3.27,5.59,23
5/25/2024 15:00,22.67,77.58,101.59,0.44,2.19,0.59,3.43,25
5/25/2024 16:00,18.78,54.2,100.87,0.77,1.54,3.8,6.23,21
5/25/2024 17:00,27.93,64.38,100.84,0.53,2.75,0.92,7.68,25
5/25/2024 18:00,19.78,48.35,101.1,0.65,2.54,3.23,6.62,22
5/25/2024 19:00,19.13,56.22,100.91,0.2,2.49,3.14,8.29,23
5/25/2024 20:00,17.18,65.82,100.9,0.64,2.09,3.6,8.06,23
5/25/2024 21:00,24.26,77.02,101.5,0.33,1.57,0.31,2.45,25
5/25/2024 22:00,21.31,54.01,101.26,0.63,1.14,2.28,1.41,20
5/25/2024 23:00,18.92,58.86,101.52,0.55,2.07,3.89,1.44,22
5/26/2024 0:00,24.64,86.56,101.62,0.74,2.6,0.45,6.01,24
5/26/2024 1:00,20.54,56.59,101.61,0.71,1.01,1.67,2.5,22
5/26/2024 2:00,22.95,50.71,100.86,0.81,2.36,3.06,2.07,24
5/26/2024 3:00,22.68,79.6,101.46,0.56,1.42,2.67,7.4,24
5/26/2024 4:00,19.4,59.69,101.7,0.32,1.07,1.84,5.66,23
5/26/2024 5:00,17.96,83.86,100.81,0.65,1.07,1.9,9.81,22
5/26/2024 6:00,18.28,42.4,101.3,0.31,2.49,1.13,4.45,23
5/26/2024 7:00,17.75,51.61,101.65,0.9,1.16,1.68,9.32,24
5/26/2024 8:00,24.55,43.78,101.35,0.35,2.31,2.93,6.28,22
5/26/2024 9:00,20.9,62.11,101.67,0.3,2.67,1.55,6.36,23
5/26/2024 10:00,17.03,60.93,101.47,0.17,2.71,2.41,2.79,23
5/26/2024 11:00,26.36,73.99,101.75,0.63,1.8,2.72,5.64,22
5/26/2024 12:00,27.58,70.97,101.48,0.73,1.05,2.34,7.97,25
5/26/2024 13:00,22.36,53.16,101.35,0.52,1.06,1.49,8.35,24
5/26/2024 14:00,16.85,83.48,101.56,0.85,1.17,1.22,8.13,22
5/26/2024 15:00,17.98,64.21,101.51,0.34,1.54,3.05,8.49,25
5/26/2024 16:00,26.53,41.5,100.99,0.24,2.61,0.18,2.76,24
5/26/2024 17:00,26.45,52.53,101.41,0.48,2.28,2.52,9.48,22
5/26/2024 18:00,26.53,76.24,101.06,0.6,2.58,3.37,1.37,24
5/26/2024 19:00,22.81,47.18,101.14,0.92,2.45,2.05,7.71,22
5/26/2024 20:00,25.79,82.86,101.18,0.57,1.99,1.9,0.45,20
5/26/2024 21:00,18.63,86.73,101.28,0.02,2.45,1.15,3.17,23
5/26/2024 22:00,22.07,48.05,101.61,0.61,2.85,3.48,0.45,21
5/26/2024 23:00,16.51,43.97,101.44,0.32,2.37,0.88,4.94,24
5/27/2024 0:00,25.07,82.01,101,0.9,2.89,3.11,2.79,25
5/27/2024 1:00,16.58,72.9,101.57,0.25,2.56,1.76,3.83,22
5/27/2024 2:00,22.51,58.15,100.96,0.95,1.77,2.63,9.71,25
5/27/2024 3:00,16.81,55.99,101.26,0.92,1.33,1.01,0.67,22
5/27/2024 4:00,16.54,72.13,100.92,0.3,1.26,3.48,1.8,25
5/27/2024 5:00,18.45,56.42,101.2,0.6,2.6,0.61,4.76,21
5/27/2024 6:00,22.59,62.29,101.01,0.29,2.66,3.49,3.7,21
5/27/2024 7:00,21.14,63.26,101.37,0.47,2.21,0.81,5.27,24
5/27/2024 8:00,16.28,77.44,101.06,0.52,1.9,2.23,4.67,23
5/27/2024 9:00,26.89,89.54,101.54,0.83,1.33,1.06,4.01,23
5/27/2024 10:00,25.04,54.76,101.38,0.59,1.53,2.98,8.47,25
5/27/2024 11:00,19.36,69.33,101.56,0.52,2.3,1.09,2.44,20
5/27/2024 12:00,24.26,59.5,101.05,0.75,1.24,1.25,8.63,23
5/27/2024 13:00,16.85,57.43,100.93,0.68,1.78,0.26,0.32,24
5/27/2024 14:00,22.95,70.94,101.19,0.45,2.17,2.29,4,24
5/27/2024 15:00,19.66,67.85,101.3,0.66,1.09,3.72,9.09,22
5/27/2024 16:00,24.06,42.26,101.59,0.09,2.07,3.76,5.17,23
5/27/2024 17:00,21.33,46.33,101.24,0.06,1.91,3.87,1.65,25
5/27/2024 18:00,26.55,72.21,101.72,0.75,1.78,2.71,6.41,21
5/27/2024 19:00,16.89,52.64,101.76,0.76,2.1,2.17,3.35,21
5/27/2024 20:00,21.69,78.16,101.36,0.89,1.06,1.06,6.82,23
5/27/2024 21:00,26.64,60.15,101.62,0.75,2.53,2.44,7.57,21
5/27/2024 22:00,22.12,82.76,101.32,0.01,1.47,2.1,8.47,24
5/27/2024 23:00,16.12,82.7,101.46,0.12,2.14,2.18,5.07,20
5/28/2024 0:00,20.35,85.8,101.17,0.82,1.3,0.13,2.53,23
5/28/2024 1:00,19.55,74.09,101.37,0.44,2.83,1.68,2.71,24
5/28/2024 2:00,25.82,47.61,101.49,0.58,1.28,2.87,7.15,20
5/28/2024 3:00,20.01,68.75,101.57,0.95,1.27,1.11,4.69,24
5/28/2024 4:00,17.93,57.34,101.68,0.22,2.03,3.8,7.04,22
5/28/2024 5:00,23.45,73.75,101.3,0.12,2.3,1.87,4.27,22
5/28/2024 6:00,26.05,58.08,101.6,0.23,1.2,2.82,8.92,23
5/28/2024 7:00,18.18,61.32,101.78,0.27,2.35,0.41,4.38,24
5/28/2024 8:00,16.38,83.29,101.54,0.62,1.03,0.48,5.21,25
5/28/2024 9:00,27.31,86.29,101.44,0.16,1.78,2.07,6.76,25
5/28/2024 10:00,27.46,76.35,101.28,0.93,2.85,1.41,6.47,22
5/28/2024 11:00,27.06,64.93,101.26,0.72,2.46,0.87,7.05,21
5/28/2024 12:00,16.54,54.74,101.11,0.42,2.29,1.61,2.07,25
5/28/2024 13:00,21.33,44.3,101.2,0.7,2.41,2.03,6.63,25
5/28/2024 14:00,22.66,59.17,101.76,0.17,2.75,1.79,2.97,25
5/28/2024 15:00,25.77,77.64,101.05,0.27,1.73,0.93,7.5,20
5/28/2024 16:00,25.22,42.09,101.3,0.97,2.17,3.43,7,25
5/28/2024 17:00,25.86,83.1,101.48,0.86,2.49,1.86,6.25,24
5/28/2024 18:00,26.49,85.99,101.58,0.28,2.67,0.9,1.11,20
5/28/2024 19:00,20.82,81.66,101.21,0.07,1.97,1.85,1.55,20
5/28/2024 20:00,22.85,40.53,101.4,0.44,1.22,2.25,8.82,21
5/28/2024 21:00,25.17,43.63,101.18,0.14,1.51,0.51,0.39,20
5/28/2024 22:00,18.82,46.8,101.05,0.23,1.35,3.66,9.57,23
5/28/2024 23:00,16.87,89.44,101.2,0.24,2.38,1.58,3.15,22
5/29/2024 0:00,18.08,63.45,101.51,0.37,1.49,3.61,4.28,21
5/29/2024 1:00,20.98,45.93,101.35,0.24,1.74,3.39,9.45,25
5/29/2024 2:00,26.69,63.94,101.21,0.82,2.2,0.77,0.29,20
5/29/2024 3:00,25.97,61.44,101.08,0.57,2.26,1.81,5.74,20
5/29/2024 4:00,20.29,53.57,101.34,0.36,1.37,3.73,1.86,22
5/29/2024 5:00,25.5,59.25,101.4,0.34,2.04,1.35,2.63,25
5/29/2024 6:00,19.91,56.96,101.46,0.63,1.98,1.5,3.23,24
5/29/2024 7:00,22.14,67.61,100.89,0.52,2.55,0.21,8.26,23
5/29/2024 8:00,26.32,57.56,101.35,0.28,2.25,1.59,2.12,24
5/29/2024 9:00,25.56,72.8,101.09,0.29,1.12,3.01,1.65,25
5/29/2024 10:00,22.04,81.38,101.49,0.22,2.44,0.64,0.95,20
5/29/2024 11:00,18.93,89.05,101.72,0.86,2.24,0.93,1.74,21
5/29/2024 12:00,24.57,79.95,100.92,0.74,1.64,1.08,3.67,25
5/29/2024 13:00,25.83,40.89,101.65,0.09,1.56,2.52,1.18,25
5/29/2024 14:00,23.27,46.95,101.42,0.4,1.78,1.55,7.5,22
5/29/2024 15:00,18.96,71.44,101.54,0.96,1.36,3.94,6.62,22
5/29/2024 16:00,26.49,48.78,101.64,0.72,2.38,3.89,4.67,25
5/29/2024 17:00,24.3,88.47,101.44,0.3,1.67,1.19,4.61,21
5/29/2024 18:00,24.19,68.57,100.88,0.66,2.75,1.83,1.37,22
5/29/2024 19:00,26.61,71.72,101.39,0.55,1.23,1.75,7.3,24
5/29/2024 20:00,23.54,80.06,100.9,0.34,1.05,2.54,3.9,21
5/29/2024 21:00,16.7,79.07,101.1,0.93,1.1,1.93,2.64,20
5/29/2024 22:00,25.36,84.43,101.68,0.55,2.03,1.9,9.35,21
5/29/2024 23:00,22.81,69.12,101.16,0.66,1.34,2.9,0.25,22
5/30/2024 0:00,20.54,78.2,100.99,0.68,2.34,0.24,2.87,22
5/30/2024 1:00,26.41,44.62,101.13,0.58,2.05,3.95,3.94,20
5/30/2024 2:00,27.26,79.37,101.5,0.09,1.9,2.16,6.47,20
5/30/2024 3:00,23.81,81.85,101.39,0.78,1.33,3.68,8.78,21
5/30/2024 4:00,25.2,85.78,100.99,0.78,1.91,3.88,6.94,21
5/30/2024 5:00,17.25,68.99,100.99,0.19,1.38,3.53,1.66,24
5/30/2024 6:00,27.04,68.37,101.26,0.92,1.76,1.21,1.33,22
5/30/2024 7:00,27.68,68.66,101.16,0.24,2.2,2.58,3.64,22
5/30/2024 8:00,23.97,58.95,101.41,0.28,1.93,1.68,5.96,23
5/30/2024 9:00,24.88,49.96,100.96,0.62,1.57,2.23,7.01,21
5/30/2024 10:00,18.03,48.32,101.28,0.09,2.82,2.99,3.99,25
5/30/2024 11:00,23.58,80.26,101.21,0.5,1.49,1.32,5.57,20
5/30/2024 12:00,25.77,71.87,101.1,0.97,1.3,1.21,1.32,20
5/30/2024 13:00,22.09,65.83,101.14,0.89,2.83,2.58,9,22
5/30/2024 14:00,16.79,82.82,101.03,0.4,2.62,0.71,9.53,20
5/30/2024 15:00,27.21,70.33,101.53,0.95,2.58,3.18,7.84,23
5/30/2024 16:00,22.97,48.05,101.64,0.51,1.96,3.51,6.76,21
5/30/2024 17:00,24.49,73.75,100.89,0.8,2.89,1.92,8.73,24
5/30/2024 18:00,22.52,87.65,101.61,0.23,2.47,1.77,8.9,20
5/30/2024 19:00,23.31,78.6,101.02,0.83,1.09,3.39,1.76,22
5/30/2024 20:00,27.15,78.53,101.71,0.76,1.98,1.67,2.96,20
5/30/2024 21:00,17.01,74.16,101.33,0.81,1.29,3.07,5.11,20
5/30/2024 22:00,20.38,85.98,101.4,0.82,1.97,1.75,1.12,20
5/30/2024 23:00,27.47,51.5,101.57,0.15,1.15,2.26,8.46,21
5/31/2024 0:00,20.33,81.85,101.12,0.5,1.37,1.9,5.04,23
5/31/2024 1:00,23.47,72.54,101.37,0.82,2.62,3.29,1.38,20
5/31/2024 2:00,17.27,69.9,100.95,0.96,1.59,1.29,8.18,24
5/31/2024 3:00,20.49,56.47,101.28,0.86,1.1,0.99,6.1,21
5/31/2024 4:00,27.24,83.48,100.86,0.88,1.01,1.75,0.33,22
5/31/2024 5:00,20.35,40.04,101.34,0.76,1.84,1.02,5.36,23
5/31/2024 6:00,22.27,83.24,101.74,0.56,1.8,2.58,4.59,24
5/31/2024 7:00,19.95,73.93,101.69,0.17,1.21,1.02,1.95,22
5/31/2024 8:00,19.38,41.55,101.69,0.28,2.46,2.62,7.42,20
5/31/2024 9:00,25.11,54.46,100.92,0.28,1.34,2.89,8.59,23
5/31/2024 10:00,27.96,68.39,100.97,0.52,2.24,1.17,7.96,23
5/31/2024 11:00,24.16,76.62,101.46,0.93,2.18,2.89,3.96,22
5/31/2024 12:00,25.32,79.53,101.3,0.82,2.54,0.43,1.9,23
5/31/2024 13:00,23.48,72,101.05,0.04,1.34,2.71,3.56,20
5/31/2024 14:00,20.84,45.37,100.88,0.99,1.24,2.49,5.46,24
5/31/2024 15:00,26.22,77.36,101.47,0.03,2.38,0.3,9.77,20
5/31/2024 16:00,22.33,66.22,101.47,0.22,2.62,2.33,9.36,20
5/31/2024 17:00,26.72,62.06,101.57,0.36,1.71,3.31,0.75,21
5/31/2024 18:00,19.61,56.53,101.13,0.2,2.49,1.84,2.9,21
5/31/2024 19:00,25.33,55.09,101.38,0.08,2.4,2.71,2.03,22
5/31/2024 20:00,16.66,83.72,101.58,0.89,2.43,3.05,6.09,20
5/31/2024 21:00,18.85,56.91,101.53,0.5,1.48,3.98,0.83,22
5/31/2024 22:00,22.91,45.51,101.53,0.08,1.16,3.29,4.07,20
5/31/2024 23:00,25.86,77.16,101.33,0.49,2.08,1.49,5.19,23
6/1/2024 0:00,26.3,48.49,100.96,0.3,2.54,3.82,7.82,23
6/1/2024 1:00,26.47,45.87,101.03,0.74,1.67,2.45,5.95,24
6/1/2024 2:00,25.96,80.74,101.4,0.87,2.65,0.23,2.5,23
6/1/2024 3:00,20.9,68.18,101.58,0.52,1.48,1.32,2.04,24
6/1/2024 4:00,20.44,44.59,101.37,0.86,1.89,1.08,6.86,21
6/1/2024 5:00,27.11,41.06,101.53,0.77,2.52,1.63,4.77,20
6/1/2024 6:00,23.62,47.76,101.58,0.7,1.72,1.68,7.97,25
6/1/2024 7:00,23.07,47.66,101.07,0.38,1.24,3.32,4.69,23
6/1/2024 8:00,19.77,42.85,101.25,0.97,2.39,1.73,2.3,22
6/1/2024 9:00,16.05,45.6,101.72,0.23,2.35,0.61,2.65,22
6/1/2024 10:00,24.48,78.34,101.68,0.08,2.45,2.51,4.3,20
6/1/2024 11:00,21.34,84.64,100.86,0.42,2.21,1.22,3.75,22
6/1/2024 12:00,26.34,57.47,101.09,0.18,2.63,1.77,6.5,25
6/1/2024 13:00,22.22,49.16,100.95,0.09,1.74,2.41,1.25,25
6/1/2024 14:00,18.39,74.71,100.86,0.57,2.73,0.52,7.29,25
6/1/2024 15:00,20.22,75.52,101.2,0.26,1.31,0.87,7.9,24
6/1/2024 16:00,16.65,85.31,101.56,0.37,1.93,2.75,1.52,23
6/1/2024 17:00,22.88,77.04,101.62,0.13,1.69,3.49,2.95,22
6/1/2024 18:00,16.61,53.94,101.18,0.32,1.63,0.27,5.85,20
6/1/2024 19:00,27.8,85.86,101.31,0.96,2.84,2.78,9.57,22
6/1/2024 20:00,24.44,62.05,101.56,0.72,2.25,1.26,6.26,22
6/1/2024 21:00,27.06,50.86,100.91,0.71,1.77,2.62,9.84,25
6/1/2024 22:00,18.91,42.77,101.34,0.72,1.03,2.05,9.26,24
6/1/2024 23:00,26,85.82,101.18,0.08,1.77,3.2,7.93,24
6/2/2024 0:00,27.98,80.61,101.27,0.18,2.61,2.91,5.23,20
6/2/2024 1:00,19.8,81.52,100.91,0.43,2.63,3.93,6.44,20
6/2/2024 2:00,21.73,65.04,101.07,0.87,1.95,1.68,8.23,21
6/2/2024 3:00,26.12,80.86,101.46,0.23,2.85,0.55,2.97,22
6/2/2024 4:00,19.57,72.34,100.8,0.46,2.59,2.61,8.16,21
6/2/2024 5:00,22.19,69.11,101.6,0.43,2.06,3.65,1.78,25
6/2/2024 6:00,21.97,42.9,101.15,0.1,2.21,1.96,8.23,22
6/2/2024 7:00,20.4,72.14,100.97,0.58,2.52,3.95,0.9,21
6/2/2024 8:00,22.74,64.91,101.18,0.47,2.53,2.62,7.14,23
6/2/2024 9:00,23.11,69.67,101.03,0.79,1.66,1.12,3.25,23
6/2/2024 10:00,25.35,75.23,101.28,0.76,1.38,1.16,9.84,23
6/2/2024 11:00,16.87,85.66,101.76,0.43,2.86,3.84,3.57,25
6/2/2024 12:00,27.98,64.51,101.57,0.56,1.92,3.43,8.37,24
6/2/2024 13:00,19.86,67.94,101.1,0.2,1.64,0.53,4.94,20
6/2/2024 14:00,26.94,75.4,101.09,0.96,2.54,2.47,3.25,22
6/2/2024 15:00,26.74,44.3,100.97,0.32,1.03,1.87,9.3,25
6/2/2024 16:00,27.08,85.76,100.99,0.01,1,3.39,8.61,21
6/2/2024 17:00,23.16,79.48,100.89,0.04,1.8,1.98,1.78,21
6/2/2024 18:00,17.02,74.18,101.11,0.24,1.7,3.05,9.55,21
6/2/2024 19:00,16.95,55.18,100.95,0.08,1.8,0.36,2.03,21
6/2/2024 20:00,22.82,60.54,100.93,0.69,1.37,0.43,3.08,23
6/2/2024 21:00,24.13,50.85,101.55,0.94,1.47,2.68,1.32,22
6/2/2024 22:00,23.02,40.52,101.1,0.18,2.74,2.98,4.71,25
6/2/2024 23:00,16.05,68.33,101.55,0.63,1.56,1.17,5.04,22
6/3/2024 0:00,17.01,63.39,100.81,0.38,2.66,0.44,8.68,24
6/3/2024 1:00,18.5,44.58,101.75,0.4,2.38,1.78,1.35,22
6/3/2024 2:00,20.05,75.41,100.85,0.19,1.67,2.57,6.99,23
6/3/2024 3:00,17.09,41.03,100.98,0.19,1.21,2.19,5.33,23
6/3/2024 4:00,20.81,40.47,100.85,0.93,1.74,3.51,3.44,21
6/3/2024 5:00,19.5,51.17,100.85,0.79,1.37,3.33,7.78,22
6/3/2024 6:00,26.88,51.4,100.88,0.43,1.94,1.9,1.22,25
6/3/2024 7:00,27.86,45.93,101.75,0.94,2.73,0.57,7.42,22
6/3/2024 8:00,27.93,51.31,101.04,0.12,2.48,1.79,2.1,21
6/3/2024 9:00,26.01,69.09,101.27,0.04,1.27,1.05,5.74,22
6/3/2024 10:00,26.43,71.96,101.32,0.04,2.61,3.35,0.91,21
6/3/2024 11:00,22.3,42.56,101.79,0.08,2.83,0.55,8.28,20
6/3/2024 12:00,24.2,73.24,101.58,0.14,0.99,2.77,5.24,23
6/3/2024 13:00,24.62,59.45,101.45,0.69,1.43,1.06,9.65,20
6/3/2024 14:00,24.65,59.08,101.79,0.95,2.89,2.92,2.46,25
6/3/2024 15:00,21.52,72.23,101.05,0.49,1.22,2.2,7.72,24
6/3/2024 16:00,26.2,83.11,101.72,0.66,1.03,3.24,1.38,22
6/3/2024 17:00,16.77,76.37,101.19,0.92,2.03,0.4,7.25,23
6/3/2024 18:00,24.3,84.39,101.69,0.48,1.48,0.32,9.74,21
6/3/2024 19:00,24.07,65.64,101.13,0.12,1.8,1.26,5.5,23
6/3/2024 20:00,18.93,57.4,101.78,0.52,2.56,2.22,5.58,25
6/3/2024 21:00,25.8,70.03,101.79,0.83,1.31,3.56,9.39,23
6/3/2024 22:00,22.73,78.99,101.24,0.27,2.54,3.69,5.7,23
6/3/2024 23:00,19.39,69.89,101.12,0.08,2.43,0.68,8.44,21
6/4/2024 0:00,18.2,63.33,100.97,0.78,1.25,3.43,0.41,20
6/4/2024 1:00,27.65,40.24,100.86,0.26,2.47,1.45,6.98,23
6/4/2024 2:00,20.86,71.1,101.48,0.06,1.08,0.38,7.85,25
6/4/2024 3:00,24.11,65.9,101.58,0.08,2.15,3.92,1.34,23
6/4/2024 4:00,19.51,62.99,100.98,0.25,1.07,1.99,4.11,23
6/4/2024 5:00,24.06,76.03,101.38,0.61,2.7,1.47,0.73,20
6/4/2024 6:00,24.38,62.77,101.31,0.41,2.04,0.21,0.44,22
6/4/2024 7:00,23.26,42.39,101.25,0.36,1.64,3.81,7.08,23
6/4/2024 8:00,18.55,52.33,101.33,0.25,2.52,3.49,4.51,24
6/4/2024 9:00,23.68,47.19,100.82,0.21,2.76,2.13,6.37,21
6/4/2024 10:00,20.78,82.51,101.14,0.42,2.07,2.69,8.24,24
6/4/2024 11:00,27.43,67.7,100.84,0.24,1.05,1.28,3.16,20
6/4/2024 12:00,22.22,56.74,101.01,0.29,1.03,3.74,2.07,21
6/4/2024 13:00,25.01,43.52,101.12,0.4,2.54,2.34,7.4,23
6/4/2024 14:00,18.94,50.79,101.74,0.37,2.26,2.1,6.45,24
6/4/2024 15:00,21.87,52.19,101.61,0.11,2.86,1.67,3.33,20
6/4/2024 16:00,17.03,65.58,101.44,0.4,2.4,1.85,4.4,21
6/4/2024 17:00,26.73,57.23,101.69,0.75,2.83,2.27,1.5,23
6/4/2024 18:00,21.92,69.32,100.96,0.85,2.49,0.11,1.95,23
6/4/2024 19:00,25.18,62.2,101.03,0.86,1.27,3.49,6.58,23
6/4/2024 20:00,27.35,61.92,100.86,0.56,2.32,3.97,2.43,21
6/4/2024 21:00,27.55,49.95,101,0.94,1.25,1.67,2.13,22
6/4/2024 22:00,17.84,89.76,101.42,0.48,1.76,2.32,3.45,25
6/4/2024 23:00,21.73,44.26,101.33,0.02,1.12,1.15,4.19,23
6/5/2024 0:00,18.57,41.87,100.83,0.68,1.85,0.72,5.45,21
6/5/2024 1:00,25.49,53.82,101.67,0.22,2.69,1.82,4.56,22
6/5/2024 2:00,22.27,56.31,101.36,0.79,2.57,0.45,7.21,23
6/5/2024 3:00,26.15,50.62,101.5,0.67,1.19,0.73,2.85,24
6/5/2024 4:00,18.41,52.09,100.89,0.21,2.5,3.87,3.27,25
6/5/2024 5:00,23.33,85.38,101.79,0.76,1.16,1.71,5.41,23
6/5/2024 6:00,26.93,46.53,100.99,0.33,1.95,0.97,8.44,22
6/5/2024 7:00,27.88,42.98,101.35,0.9,2.58,1.37,1.6,25
6/5/2024 8:00,20.02,69.23,101.21,0.11,2.37,1.6,1.76,21
6/5/2024 9:00,18.52,47.44,100.96,0.5,1.87,1.62,7.78,23
6/5/2024 10:00,23.89,68.7,101.64,0.34,2.42,2.32,6.48,24
6/5/2024 11:00,24.25,47.78,100.98,0.64,1.12,1.16,5.32,24
6/5/2024 12:00,25.97,83.23,101.54,0.26,1.82,0.33,1.94,22
6/5/2024 13:00,22.08,87.67,101.63,0.86,2.24,1.71,9.49,22
6/5/2024 14:00,21.31,72.42,101.08,0.65,2.41,0.87,9.71,20
6/5/2024 15:00,20.46,64.75,100.92,0.64,2.63,2.65,8.71,20
6/5/2024 16:00,20.07,46.34,101.32,0.51,1.8,1.03,5.68,21
6/5/2024 17:00,21.11,57.8,100.93,0.08,1.16,2.78,6.38,25
6/5/2024 18:00,22.29,75.47,101.69,0.45,1.76,2.34,8.05,23
6/5/2024 19:00,21.98,59.33,101.27,0.15,1.98,3.52,6.48,20
6/5/2024 20:00,21.28,77.27,101.2,0.45,1.52,1.52,9.56,22
6/5/2024 21:00,27.7,50,101.42,0.43,1.04,0.48,2.64,20
6/5/2024 22:00,21.16,87.5,101.51,0.84,2.69,1.92,4.05,20
6/5/2024 23:00,18.28,78.38,101.67,0.17,0.99,0.73,3.83,20
6/6/2024 0:00,23.76,55.38,101.76,0.95,1.22,0.56,1.17,22
6/6/2024 1:00,16.92,61.69,100.97,0.76,1.1,2.01,9.36,21
6/6/2024 2:00,25.88,67.69,101.31,0.5,2.65,0.88,3.61,23
6/6/2024 3:00,25.98,53.02,101.25,0.17,1.38,1.04,6.99,20
6/6/2024 4:00,21.89,70.7,100.83,0.93,1.18,2.97,1.65,20
6/6/2024 5:00,16.39,61.63,101.1,0.23,2.36,1.5,3.85,25
6/6/2024 6:00,20.73,53.56,101.72,0.36,2.88,0.46,0.49,22
6/6/2024 7:00,26.56,82.13,101.37,0.98,1.29,1.93,9.74,25
6/6/2024 8:00,16.12,72.95,100.92,0.22,2.21,0.99,6.16,23
6/6/2024 9:00,18.61,41.45,101.41,0.69,2.46,1.16,7.19,21
6/6/2024 10:00,20.69,57.42,101.42,0.28,1.68,1.85,4.64,21
6/6/2024 11:00,21.94,66.46,100.99,0.48,2.87,3.28,3.05,23
6/6/2024 12:00,27.95,41.95,100.85,0.85,2.83,0.68,3.7,22
6/6/2024 13:00,23.69,50.03,101.08,0.48,2.77,0.34,7.37,21
6/6/2024 14:00,20.77,61.68,101.58,0.65,1.65,3.88,9.87,20
6/6/2024 15:00,23.5,47.03,101.37,0.71,1.75,1.45,6.07,24
6/6/2024 16:00,24.13,71.92,101.8,0.45,2.2,0.55,5.02,25
6/6/2024 17:00,22.06,65.51,101.66,0.9,2.72,0.73,8.87,23
6/6/2024 18:00,16.14,77.2,101.03,0.01,1.09,1.75,1.69,25
6/6/2024 19:00,19.22,88.16,101.32,0.73,2.49,1.88,9.03,20
6/6/2024 20:00,26.22,67.13,101.47,0.85,1.98,0.41,0.47,21
6/6/2024 21:00,21.05,56.34,100.88,0.81,1.98,3.51,5.67,23
6/6/2024 22:00,22.03,80.72,101.76,0.23,2.85,3.42,6.58,22
6/6/2024 23:00,16.66,48.22,101.06,0.94,1.46,0.79,8.86,24
6/7/2024 0:00,25.73,40.25,101.04,0.88,2.74,2.51,8.33,25
6/7/2024 1:00,25,47.49,101.74,0.5,1.99,0.79,1.36,21
6/7/2024 2:00,17.46,43.35,101.78,0.95,1.25,1.58,0.9,24
6/7/2024 3:00,21.94,59.31,101.73,0.08,1.57,3.48,2.86,22
6/7/2024 4:00,26.35,46.49,101.11,0.58,2.04,3.61,2.74,23
6/7/2024 5:00,18.88,60.02,101.75,0.69,2.72,3.34,3.45,25
6/7/2024 6:00,17.91,73.35,101.17,0.06,1.59,3.26,0.67,25
6/7/2024 7:00,23.03,86.96,101.64,0.43,1.91,3.05,7.4,24
6/7/2024 8:00,24.55,79.12,101.53,0.13,1.88,1.36,1.68,21
6/7/2024 9:00,16.75,85.93,101.75,0.76,1.99,2.2,1.03,20
6/7/2024 10:00,18.96,53.47,101.39,0.1,2.58,3.55,8.68,25
6/7/2024 11:00,25.42,84.46,100.95,0.11,2.57,3.98,5.9,25
6/7/2024 12:00,20.1,44.38,101.3,0.3,2.49,0.14,8.92,24
6/7/2024 13:00,26.28,51.51,101.04,0.63,1.71,2.74,8.25,23
6/7/2024 14:00,17.59,89.51,100.91,0.51,2.85,2.62,2.01,24
6/7/2024 15:00,24.39,75.42,101.6,0.58,1.16,3.16,8.26,25
6/7/2024 16:00,20.67,40.53,101.63,0.3,2.22,1.95,6.64,21
6/7/2024 17:00,24.11,80.72,100.84,0.96,1.8,0.51,1.13,23
6/7/2024 18:00,25.6,76.15,101.15,0.15,1.27,1.42,3.56,22
6/7/2024 19:00,19.8,88.25,101.55,0.59,2.74,2.78,2.77,20
6/7/2024 20:00,16.09,55.79,101,0.17,1.36,2.83,0.22,22
6/7/2024 21:00,16.1,82.7,101.31,0.7,1.6,0.99,9.73,22
6/7/2024 22:00,19.61,76.73,101.77,0.64,1.17,3.41,3.42,20
6/7/2024 23:00,16.01,75.47,100.82,0.08,1.64,3.56,0.33,25
6/8/2024 0:00,27.62,53.57,101.16,0.63,2.35,0.38,1.44,20
6/8/2024 1:00,16.85,48.94,101.49,0.36,2.68,1.97,2.51,23
6/8/2024 2:00,22.7,69.02,100.93,0.2,2.04,3.31,5.24,21
6/8/2024 3:00,26.8,58.23,100.86,0.48,1.73,3.73,5.39,20
6/8/2024 4:00,22.46,49.51,100.82,0.14,2.28,3.42,7.45,21
6/8/2024 5:00,21.8,50.24,100.92,0.23,2.64,1.46,6.32,21
6/8/2024 6:00,26.71,81.42,101.53,0.03,1.15,1.45,1.81,22
6/8/2024 7:00,18.65,84.73,101.02,0.22,1.2,3.26,9.81,22
6/8/2024 8:00,16.79,40.87,101.45,0.48,2.45,1.45,0.3,23
6/8/2024 9:00,25.54,55.61,100.92,0.96,1.96,1.17,4.31,22
6/8/2024 10:00,24.34,53.77,101.65,0.91,2.29,3.52,6.76,24
6/8/2024 11:00,22.74,62,101.36,0.81,1.57,1.36,4.56,25
6/8/2024 12:00,25.9,63.15,101.17,0.81,1.17,0.43,6.61,22
6/8/2024 13:00,16.14,73.44,101.04,0.86,1.45,1.37,9.04,23
6/8/2024 14:00,24.48,45.39,101.23,0.03,1.18,2.73,7.88,23
6/8/2024 15:00,25.65,71.64,101.04,0.27,2.42,0.4,2.85,22
6/8/2024 16:00,26.61,54.55,100.93,0.64,1.54,0.6,0.37,25
6/8/2024 17:00,24.14,56.58,101.05,0.06,2.03,0.62,5.46,24
6/8/2024 18:00,20.99,64.66,101.56,0.94,1.63,0.85,2.95,21
6/8/2024 19:00,27.36,41.56,101.06,0.08,1.45,0.7,8.18,20
6/8/2024 20:00,18.73,82.67,101.11,0.42,2.89,3.58,4.26,22
6/8/2024 21:00,16.93,58.56,101.06,0.18,2.53,0.32,3.05,21
6/8/2024 22:00,27.89,50.25,101.47,0.22,1.24,0.63,1.47,23
6/8/2024 23:00,19.49,62.72,101.54,0.04,1.94,3.59,5.08,20
6/9/2024 0:00,23.1,53.22,101.31,0.83,1.53,0.62,4.65,25
6/9/2024 1:00,17.27,88.09,101.35,0.79,2.56,3.82,3.88,22
6/9/2024 2:00,26.54,64.65,100.94,0.37,1.86,3.72,5.92,22
6/9/2024 3:00,22.6,60.4,101.41,0.51,1.32,3.97,8.96,24
6/9/2024 4:00,21.67,56.04,101.68,0.45,1.15,2.83,3.38,21
6/9/2024 5:00,22.91,52.11,101.76,0.91,2.53,1.39,4.38,21
6/9/2024 6:00,19.46,69.45,101.64,0.81,2.43,3.73,0.84,21
6/9/2024 7:00,16.84,47.1,101.25,0.8,1.87,3.8,7.46,24
6/9/2024 8:00,23.44,62.55,100.86,0.7,1.24,2.98,3.28,23
6/9/2024 9:00,23.83,86.48,101.57,0.97,2.41,0.92,3.1,25
6/9/2024 10:00,25.9,75.77,101.68,0.42,2.33,2.11,6.6,25
6/9/2024 11:00,19.81,42.99,101.18,0.55,1.46,3.91,3.62,23
6/9/2024 12:00,23.93,62.63,101.66,0.82,1.66,3.8,2.42,20
6/9/2024 13:00,21.08,52.46,101.79,0.26,1.79,1.7,2.77,20
6/9/2024 14:00,16.51,76.73,101.52,0.84,2.03,0.21,8.07,25
6/9/2024 15:00,25.55,70.94,101.76,0.65,2.66,2.27,4.84,22
6/9/2024 16:00,23.83,55.1,100.9,0.69,1.01,1.13,3.63,24
6/9/2024 17:00,21.07,47.88,100.89,0.12,1.34,1.48,6.97,21
6/9/2024 18:00,23.22,53.13,101.64,0.76,2.5,2.42,5.12,24
6/9/2024 19:00,26.14,74.19,101.45,0.55,1.27,1.31,6.87,25
6/9/2024 20:00,26.84,88.22,101.79,0.33,2.38,0.87,1.3,25
6/9/2024 21:00,16.67,75.52,101.69,0.24,2.46,0.33,2.97,24
6/9/2024 22:00,26.17,84.8,101.71,0.15,1.62,0.35,9.57,23
6/9/2024 23:00,21.06,68.76,101.44,0.55,1.45,0.97,7.69,23
6/10/2024 0:00,22.11,68.56,101.78,0.07,1.83,0.51,9.48,25
6/10/2024 1:00,22.93,83.09,101.01,0.59,1.02,1.69,5.57,24
6/10/2024 2:00,17.23,80.67,101.52,0.65,1.5,2.89,7.79,20
6/10/2024 3:00,21.79,44.73,101.42,0.56,2.58,2.95,2.03,22
6/10/2024 4:00,16.15,47.39,101.34,0.16,1.89,3.92,2,22
6/10/2024 5:00,22.88,49.82,101.57,0.16,2.83,0.89,9.13,23
6/10/2024 6:00,21.04,70.25,100.97,0.44,2.55,3.43,5.58,20
6/10/2024 7:00,24.99,75.59,101.13,0.93,2.08,3.84,8.72,23
6/10/2024 8:00,27.67,40.32,101.17,0.41,2.08,2.39,1.28,23
6/10/2024 9:00,16.59,84.61,101.07,0.72,1.98,3.4,4.84,25
6/10/2024 10:00,20.67,41.17,101.63,0.92,1.19,2.13,4.67,25
6/10/2024 11:00,22.18,49.05,101.55,0.14,1.51,3.41,2.17,21
6/10/2024 12:00,20.44,76.59,101.12,0.12,2.22,1.65,5.48,23
6/10/2024 13:00,21.07,78.8,101.46,0.28,1.66,1.55,6.39,25
6/10/2024 14:00,27.37,62.69,101.61,0.51,2.52,2.21,3.78,25
6/10/2024 15:00,24.8,43.57,101.74,0.29,1.64,3.96,2.09,24
6/10/2024 16:00,24.88,87.01,101.3,0.99,1.79,2.37,6.93,25
6/10/2024 17:00,16.35,70.89,101.17,0.6,1.91,3.57,9.03,20
6/10/2024 18:00,17.59,57.23,100.84,0.32,2.56,2.36,2.38,25
6/10/2024 19:00,16.65,51.45,101.16,0.52,0.99,0.31,8.91,25
6/10/2024 20:00,17.44,69.19,101.56,0.67,1.34,3.86,9.66,23
6/10/2024 21:00,24.84,52.55,101.23,0.09,1.55,2.47,6.71,20
6/10/2024 22:00,27.35,54.75,101.69,0.65,2.6,0.16,7.63,23
6/10/2024 23:00,18.69,69.36,101.74,0.12,1.57,2.99,8.52,25
6/11/2024 0:00,18.99,57.21,100.92,0.59,2.28,1.09,1.31,21
6/11/2024 1:00,16.48,41.36,101.26,0.39,2.44,1.21,2.26,21
6/11/2024 2:00,25.35,76.68,101.23,0.26,2.81,2.83,5.2,23
6/11/2024 3:00,26.64,49.96,101.38,0.79,1.86,1.34,7.67,25
6/11/2024 4:00,19.17,59.05,100.86,0.58,2.55,3.37,3.81,25
6/11/2024 5:00,21.18,82.33,101.53,0.34,1.7,1.63,9.39,20
6/11/2024 6:00,27.03,82.63,101.06,0.6,1.33,0.29,7.41,22
6/11/2024 7:00,17.53,72.76,101.51,0.77,2.44,0.17,5.35,23
6/11/2024 8:00,23.35,89.63,101.34,0.38,1.41,2.42,6.12,21
6/11/2024 9:00,20.73,64.27,101.44,0.55,2.67,1.14,2.93,22
6/11/2024 10:00,19.02,82.46,101.22,0.43,1.88,0.12,5.23,24
6/11/2024 11:00,20.13,88.83,100.85,0.61,1.77,3.79,2.59,25
6/11/2024 12:00,16.6,62.34,101.25,0.75,2.2,1.28,3.19,20
6/11/2024 13:00,20.61,46.33,100.99,0.89,2.3,0.67,5.69,23
6/11/2024 14:00,24.36,49.38,101.68,0.76,1.08,2.92,9.6,24
6/11/2024 15:00,23.11,55.08,101.53,0.32,2.31,0.9,6.3,21
6/11/2024 16:00,18.64,54.22,101.18,0.05,1.24,2.43,7.87,21
6/11/2024 17:00,26.24,84.03,101.4,0.04,1.63,1.83,1.14,25
6/11/2024 18:00,23.18,44.73,101.01,0.98,2.44,2.37,3.22,24
6/11/2024 19:00,17.28,70.7,101.4,0.46,1.51,1.73,8.97,24
6/11/2024 20:00,24.43,40.62,101.67,0.2,2,2.26,4.63,23
6/11/2024 21:00,26.76,44.85,101.31,0.4,2.38,3.95,6.25,22
6/11/2024 22:00,25.19,87.57,101.35,0.68,1.4,3.63,7.07,22
6/11/2024 23:00,21.28,71.7,101.13,0.36,1.28,2.42,9.85,20
6/12/2024 0:00,21.36,86.02,101.7,0.95,1.95,1.34,6.97,20
6/12/2024 1:00,23.62,84.01,100.92,0.41,1.08,2.35,9,20
6/12/2024 2:00,19.6,54.55,101.75,0.69,2.81,3.09,3.29,20
6/12/2024 3:00,19.05,73.97,101.77,0.64,2.75,0.87,6.67,25
6/12/2024 4:00,22.99,72.17,101.73,0.35,1.14,1.7,2.09,21
6/12/2024 5:00,26,65.31,101.71,0.04,1.42,3.44,4.22,20
6/12/2024 6:00,24.02,62.2,100.95,0.98,1.15,3.61,5.42,21
6/12/2024 7:00,25.85,82.28,101.16,0.09,2.32,3.3,0.25,20
6/12/2024 8:00,16.28,52.55,101.35,0.51,1.58,3.2,9.07,22
6/12/2024 9:00,26.22,60.65,101.64,0.48,1.78,1.13,9.44,23
6/12/2024 10:00,18.33,42.22,101.57,0.95,1.5,3.48,7.26,20
6/12/2024 11:00,19.26,51.78,101.54,0.66,2.09,0.61,6.26,22
6/12/2024 12:00,19.81,43.47,101.74,0.94,1.31,3.86,9.64,23
6/12/2024 13:00,18.61,48.07,101.19,0.75,1.75,3.51,5.52,24
6/12/2024 14:00,17.09,62.87,101.44,0.6,2.78,3.03,9.38,23
6/12/2024 15:00,27.97,77.37,101.31,0.52,1.83,3.58,6.06,22
6/12/2024 16:00,20.44,70.31,101.2,0.28,2.48,2.37,4.02,23
6/12/2024 17:00,18.02,85.4,101.02,0.62,1.47,1.59,7.53,23
6/12/2024 18:00,23.42,68.72,101.77,0.88,2.31,1.17,3.95,24
6/12/2024 19:00,26.6,81.15,101.08,0.99,1.36,2.29,0.99,21
6/12/2024 20:00,20.51,44.28,101.5,0.4,1.29,2.33,7.61,25
6/12/2024 21:00,16.2,63.14,101.42,0.92,1.9,1.68,3.91,25
6/12/2024 22:00,16.8,55.85,101.27,0.9,2.62,2.91,4,20
6/12/2024 23:00,27.42,59.76,101.11,0.83,1.71,0.4,0.66,25
6/13/2024 0:00,25.18,85.56,101.01,0.05,1.02,2.04,2.97,25
6/13/2024 1:00,26.86,48.9,100.96,0.81,1.45,3.52,6.68,24
6/13/2024 2:00,20.16,70.25,101.38,0.2,2.09,0.76,3.96,22
6/13/2024 3:00,23.6,60.86,101.3,0.84,1.11,2.07,9.64,23
6/13/2024 4:00,22.29,80.22,101.39,0.97,1.82,2.74,6.91,23
6/13/2024 5:00,23.88,74.58,100.87,0.26,2.14,2.43,2.58,24
6/13/2024 6:00,25.9,78.48,101.65,0.62,1.81,2.1,2.47,24
6/13/2024 7:00,17.48,88.87,101.41,0.35,1.16,1.95,3.76,23
6/13/2024 8:00,18,63.22,101.37,0.83,1.26,0.46,5.94,23
6/13/2024 9:00,26.93,50.58,101.5,0.24,1.32,0.41,1.28,24
6/13/2024 10:00,16,59.14,101.54,0.81,1.6,3.38,5.46,20
6/13/2024 11:00,23.44,82.97,100.97,0.73,0.99,3.37,4.6,25
6/13/2024 12:00,24.37,60.36,101.79,0.59,2.24,0.86,7.96,24
6/13/2024 13:00,17.14,73.64,101.09,0.5,1.58,1.2,3.77,25
6/13/2024 14:00,17.31,72.78,101.24,0.03,2.28,2.53,9.41,23
6/13/2024 15:00,25.2,89.82,101.49,0.99,2.44,1.2,7.96,22
6/13/2024 16:00,22.31,83.58,101.37,0.78,1.21,1.31,6.19,22
6/13/2024 17:00,19.06,48.91,100.88,0.27,1.28,0.72,3.87,23
6/13/2024 18:00,19.98,74.39,100.96,0.02,1.14,3.42,6.36,23
6/13/2024 19:00,16.48,84.37,101.56,0.73,2.24,3.67,4.77,24
6/13/2024 20:00,26.81,86.08,101.55,0.71,1.28,1.4,7.29,22
6/13/2024 21:00,17.99,84.86,101.45,0.46,2.37,0.7,5.27,21
6/13/2024 22:00,21.04,71.74,101.02,0.66,2.46,0.88,3.34,25
6/13/2024 23:00,27.38,71.31,101.05,0.45,2.6,1.84,7.05,25
6/14/2024 0:00,19.58,49.41,101.78,0.5,1.07,3.17,8.91,24
6/14/2024 1:00,21.82,67.19,101.43,0.84,2.81,1.02,2.25,21
6/14/2024 2:00,16.32,76.71,101.47,0.26,1.14,3.69,6.32,22
6/14/2024 3:00,17.98,79.29,101.03,0.08,1.61,1.22,7.68,25
6/14/2024 4:00,25.25,87.06,101.62,0.92,2.18,0.45,0.58,20
6/14/2024 5:00,17.17,75.71,101.33,0.09,2.13,2.93,5.21,20
6/14/2024 6:00,21.55,49.36,101.05,0.17,2.81,3.43,5.03,24
6/14/2024 7:00,18.17,72.7,101.71,0.61,1,2.62,9.02,21
6/14/2024 8:00,27.55,56.56,101.59,0.32,2.48,2.03,7.13,22
6/14/2024 9:00,16.18,68.75,101.06,0.31,1.72,3.99,8.85,21
6/14/2024 10:00,18.29,43.12,101.55,0.18,1.87,1.97,1.62,20
6/14/2024 11:00,18.45,74.2,101.29,0.2,1.93,0.53,3.54,23
6/14/2024 12:00,24.97,71.57,101.23,0.28,2.12,2.58,9.81,21
6/14/2024 13:00,22.71,46.44,100.83,0.12,2.86,1.07,1.15,23
6/14/2024 14:00,24.62,55,101.4,0.98,1.8,3.29,7.63,23
6/14/2024 15:00,24.25,88.41,101.77,0.22,2.16,0.37,9.63,23
6/14/2024 16:00,23.85,49.18,101.37,0.61,2.19,3.7,4.07,24
6/14/2024 17:00,27.98,56.2,100.85,0.19,2.86,3.38,0.36,22
6/14/2024 18:00,25,88.37,101.19,0.21,1.06,0.95,0.51,23
6/14/2024 19:00,19.89,60.78,101.27,0.58,1.68,2.77,4.26,25
6/14/2024 20:00,18.18,40.93,101.62,0.65,2.21,3.22,0.23,22
6/14/2024 21:00,21.95,49.69,101.74,0.3,2.22,3.02,7.94,21
6/14/2024 22:00,19.69,61.36,100.99,0.37,2.07,2.73,9.9,21
6/14/2024 23:00,21.41,66.32,101.69,0.52,2.47,1.35,5.85,21
6/15/2024 0:00,27.21,81.84,101.31,0.86,2.08,2.67,4.26,21
6/15/2024 1:00,20.27,40.47,101.58,0.13,2.54,1.67,8.21,25
6/15/2024 2:00,18.89,82.86,100.95,0.51,2.16,2.34,6.67,23
6/15/2024 3:00,19.94,47.47,101.35,0.17,1.26,2.25,5.41,20
6/15/2024 4:00,23.53,85.39,101.63,0.02,2.05,2.4,0.27,22
6/15/2024 5:00,24.26,40.55,100.82,0.36,1.74,0.79,7.18,23
6/15/2024 6:00,24.19,58.01,101.21,0.07,1.69,2.07,1.19,23
6/15/2024 7:00,27.63,40.21,101,0.17,2.22,3.02,2.64,21
6/15/2024 8:00,22.36,78.24,101.06,0.01,1,2.91,1.14,24
6/15/2024 9:00,24.58,40.86,101.48,0.49,1.08,1.78,4.22,22
6/15/2024 10:00,17.43,42.76,100.94,0.96,2.72,2.37,9.14,23
6/15/2024 11:00,25.14,70.92,101.38,0.86,1.73,2.48,0.38,22
6/15/2024 12:00,19.19,74.14,100.85,0.02,2.46,2.35,8.79,22
6/15/2024 13:00,19.66,79.43,101.04,0.71,2.74,0.45,0.82,23
6/15/2024 14:00,16.41,80.58,101.12,0.19,2.53,2.32,2.16,22
6/15/2024 15:00,25.71,63.48,101.72,0.14,2.11,3.65,6.32,24
6/15/2024 16:00,27.16,70.35,101.13,0.87,2.64,1.59,7.63,22
6/15/2024 17:00,20.27,54.13,101.23,0.34,2.61,2.91,9.19,24
6/15/2024 18:00,21.06,60.43,101.06,0.41,2.04,1.84,1.9,23
6/15/2024 19:00,21.5,67.96,101.05,0.81,1.86,3.1,6.32,21
6/15/2024 20:00,22.76,86.87,101.6,0.46,2.15,2.14,3.94,24
6/15/2024 21:00,25.39,86.05,100.96,0.44,2.76,3.23,6.11,22
6/15/2024 22:00,18.11,48.22,100.88,0.55,1.08,1.5,1.17,25
6/15/2024 23:00,18.55,40.24,101.29,0.38,2.02,1.59,7.95,24
6/16/2024 0:00,23.55,67.4,101.2,0.55,2.31,3.37,6.19,23
6/16/2024 1:00,16.72,57.8,101.32,0.62,1.09,1.98,6.74,25
6/16/2024 2:00,27.68,74.15,101.3,0.61,2.74,0.48,4.18,21
6/16/2024 3:00,21,47.58,101.76,0.8,1.75,0.49,6.69,22
6/16/2024 4:00,26.59,65.12,101.68,0.59,2.77,3.51,8.61,20
6/16/2024 5:00,27.95,51.79,101.01,0.72,2.78,1.24,1.28,21
6/16/2024 6:00,24.7,80.97,101.67,0.21,2.09,3.31,7.99,25
6/16/2024 7:00,20.35,40.86,101.58,0.11,1.42,2.05,1.53,21
6/16/2024 8:00,26.56,73.43,101.67,0.3,1.72,2.7,7.47,22
6/16/2024 9:00,24.49,80.31,101.75,0.41,1.64,3.4,2.35,24
6/16/2024 10:00,25.45,79.27,100.86,0.27,2.32,3.89,3.99,22
6/16/2024 11:00,20.33,60.56,100.92,0.59,1.42,3.24,8.97,20
6/16/2024 12:00,21,65.09,100.92,0.19,1.55,3.6,1.75,23
6/16/2024 13:00,18.44,81.42,100.95,0.48,1.57,2.15,0.72,20
6/16/2024 14:00,24.74,56.53,101.26,0.29,2.17,2.27,6.81,22
6/16/2024 15:00,20.41,67.09,101.76,0.32,2.71,0.12,3.23,21
6/16/2024 16:00,18.48,49.13,101.27,0.94,2.03,2.21,1.76,22
6/16/2024 17:00,21.93,69.64,101.4,0.61,2.38,2.59,4.7,23
6/16/2024 18:00,22.97,65.11,101.37,0.92,2.9,2.24,6.28,23
6/16/2024 19:00,26.53,50.87,101.37,0.82,2.53,0.91,1.18,20
6/16/2024 20:00,27.54,81.71,101.07,0.51,2.29,2.98,3.97,22
6/16/2024 21:00,22.21,45.62,101.07,0.93,1.22,3.39,7.74,21
6/16/2024 22:00,27.1,56.16,101.05,0.95,1.35,1.91,6.49,22
6/16/2024 23:00,19,84.15,100.88,0.49,1.61,2.05,3.53,23
6/17/2024 0:00,25.02,82.34,100.81,0.17,1.94,0.14,3.22,24
6/17/2024 1:00,18.75,76.96,101.67,0.97,1.08,1.58,6.06,25
6/17/2024 2:00,22.2,79.51,101.11,0.81,2.79,2.93,5.88,20
6/17/2024 3:00,20.55,69.16,101.49,0.68,1.27,3.25,5.57,24
6/17/2024 4:00,20.6,60.65,101.09,0.87,2.57,3.38,5.23,23
6/17/2024 5:00,21.53,77.21,101.29,0.15,2.04,1.01,9.12,23
6/17/2024 6:00,18.02,85.61,101.4,0.85,1.5,2,8.25,23
6/17/2024 7:00,21.1,56.31,101.03,0.06,2.36,3.39,5.41,21
6/17/2024 8:00,16.95,49.75,101.5,0.15,1.41,1.84,6.37,20
6/17/2024 9:00,20.92,67.41,101.11,0.19,1.74,0.14,3.57,25
6/17/2024 10:00,16.98,83.91,101.08,0.94,1.05,0.49,6.81,22
6/17/2024 11:00,17.96,43.66,101.13,0.06,2.84,0.85,3.47,21
6/17/2024 12:00,17.12,74.45,101.54,0.12,1.82,2.75,2.84,24
6/17/2024 13:00,23.09,87.39,101.04,0.78,2.21,0.16,9.52,23
6/17/2024 14:00,26.44,60.83,101.2,0.13,2.09,0.91,5.81,25
6/17/2024 15:00,17.94,77.77,101.73,0.22,1,2.23,1.38,23
6/17/2024 16:00,16.42,48.55,101.57,0.02,1,1.77,2.67,23
6/17/2024 17:00,16.72,61.81,101.53,0.04,1.96,0.51,7.64,22
6/17/2024 18:00,21.81,56.88,101.45,0.53,2.71,1.81,3.85,21
6/17/2024 19:00,17.12,52.31,101.4,0.31,2.39,0.81,4.92,25
6/17/2024 20:00,17.2,46.38,100.94,0.79,2,0.93,9.08,22
6/17/2024 21:00,26.29,80.73,101.43,0.22,2.59,1.58,4.72,24
6/17/2024 22:00,20.77,73.75,101.61,0.03,1.3,2.64,6,23
6/17/2024 23:00,24.15,80.03,101.67,0.12,1.15,1.13,7.25,24
6/18/2024 0:00,27.47,62.75,100.89,0.31,1.74,3.25,6.07,25
6/18/2024 1:00,22.96,68.62,101.74,0.27,1.67,1.57,2.91,23
6/18/2024 2:00,19.86,84.96,101.72,0.39,1.87,3.61,3.43,25
6/18/2024 3:00,21.06,89.67,100.94,0.3,2.12,1.66,5.32,20
6/18/2024 4:00,19.07,77.01,101.28,0.5,2.32,3.83,5.84,21
6/18/2024 5:00,27.15,54.72,101.07,0.3,2.79,3.89,2.71,23
6/18/2024 6:00,20.67,78.38,100.91,0.86,2.81,3.24,7.93,22
6/18/2024 7:00,27.66,57.17,101.65,0.57,2.75,3.38,1.38,21
6/18/2024 8:00,27.6,52.96,101.59,0.45,2.39,2.44,5.25,22
6/18/2024 9:00,24.11,80.39,101.09,0.51,2.83,2.03,4.06,22
6/18/2024 10:00,27.3,79.48,101.79,0.4,2.58,3.59,9.73,20
6/18/2024 11:00,22.66,70.94,101.12,0.5,1.28,3.31,0.88,22
6/18/2024 12:00,17,66.65,100.88,0.63,1.08,0.57,6.92,24
6/18/2024 13:00,25.4,79.47,101.07,0.77,2.11,0.3,1.75,24
6/18/2024 14:00,16.96,64.55,101.11,0.53,2.18,0.63,3.3,20
6/18/2024 15:00,27.4,81.42,101.45,0.96,1.19,3.22,3.32,20
6/18/2024 16:00,19.73,71.7,101.26,0.71,1.5,3.75,1.82,21
6/18/2024 17:00,17.64,59.56,101.75,0.68,1.53,3.46,9.29,21
6/18/2024 18:00,25.71,81.12,101.71,0.04,1.57,0.99,5.14,21
6/18/2024 19:00,20.98,62.34,101.27,0.56,1.5,1.95,4.55,20
6/18/2024 20:00,18.32,66.53,100.89,0.13,1.5,1.75,4.27,25
6/18/2024 21:00,23.41,51.97,101.53,0.51,1.95,1.78,0.33,21
6/18/2024 22:00,16.58,65.48,101.34,0.26,1.05,2.12,8,21
6/18/2024 23:00,22.98,54.27,100.85,0.38,1.94,1.5,7.81,22
6/19/2024 0:00,27.96,83.07,101.09,0.1,1.8,2.27,9.45,21
6/19/2024 1:00,18.05,68.44,101.39,0.11,2.81,3.72,8.16,21
6/19/2024 2:00,17.84,57.62,101.1,0.67,1.85,3.14,7.54,20
6/19/2024 3:00,20.76,78.83,101.11,0.35,1.73,3.43,3.61,23
6/19/2024 4:00,25.92,58.99,100.87,0.21,2.52,2.53,6.06,21
6/19/2024 5:00,16.95,77.11,101.16,0.68,2.26,1.83,6.97,20
6/19/2024 6:00,18.67,43.61,101.71,0.47,2.54,2.31,0.66,20
6/19/2024 7:00,19.4,87.37,101.32,0.41,1.78,3.8,7.95,21
6/19/2024 8:00,23.77,59.51,100.92,0.66,2.73,3.59,7.38,22
6/19/2024 9:00,23.36,85.96,100.9,0.38,2.84,3.97,8.55,22
6/19/2024 10:00,23.67,43.92,101.25,0.53,2.79,2.27,1.15,20
6/19/2024 11:00,25.27,66.51,100.95,0.86,1.98,1.93,1.01,23
6/19/2024 12:00,16.15,83.25,101.2,0.09,2.31,3.99,7.14,24
6/19/2024 13:00,26.52,80.19,101.73,0.96,1.22,3.91,9.5,23
6/19/2024 14:00,27.99,47.13,100.83,0.75,2.32,3.36,4.59,25
6/19/2024 15:00,17.04,86.63,101.22,0.83,1.63,3.89,1.43,21
6/19/2024 16:00,22.28,57.51,101.58,0.35,2.39,0.16,6.23,23
6/19/2024 17:00,16.62,78.38,101.13,0.86,1.77,2.04,2.19,21
6/19/2024 18:00,27.98,77.71,101.03,0.25,2.35,0.26,3.57,24
6/19/2024 19:00,25.52,82.49,101.32,0.31,2.5,0.95,3.19,21
6/19/2024 20:00,18.56,87.54,101.69,0.33,1.66,3.92,9.53,20
6/19/2024 21:00,22.19,40.3,101.73,0.73,2.69,2.82,2.27,20
6/19/2024 22:00,23.87,49.19,101.65,0.6,1.48,2.2,4.25,22
6/19/2024 23:00,24.05,48.61,101,0.04,2.08,1.63,7.75,25
6/20/2024 0:00,25.1,76.12,100.87,0.65,1.38,1.63,8.65,25
6/20/2024 1:00,26.73,47.06,100.8,0.9,2.07,3.88,0.96,25
6/20/2024 2:00,18.05,88.76,101.71,0.51,1.64,0.48,5.93,22
6/20/2024 3:00,18.44,74.2,101.73,0.87,1.48,0.8,5.09,22
6/20/2024 4:00,17.77,63.88,101.31,0.25,2.83,2.1,2.95,21
6/20/2024 5:00,19.6,65.48,101.24,0.02,2.22,1.56,6.22,22
6/20/2024 6:00,19.23,68.95,100.92,0.11,1.68,1.78,6.83,21
6/20/2024 7:00,21.77,45.99,101.74,0.95,2.61,0.44,9.49,25
6/20/2024 8:00,19.86,85.3,101.64,0.8,2.4,1.3,2.25,24
6/20/2024 9:00,17.18,60.28,100.97,0.78,2.03,0.86,3.29,23
6/20/2024 10:00,17.85,52.37,101.76,0.64,2.27,0.56,2.37,22
6/20/2024 11:00,27.89,79.19,101.61,0.47,1.43,1.97,5.24,23
6/20/2024 12:00,16.38,63.5,101.28,0.59,1.69,0.9,8.23,24
6/20/2024 13:00,23.76,52.45,101.36,0.59,1.65,0.65,3.58,23
6/20/2024 14:00,16.92,84.84,101.35,0.96,2.08,1.77,9.12,20
6/20/2024 15:00,22.25,46.8,100.81,0.12,2.61,3.13,1.31,21
6/20/2024 16:00,17.38,55.87,101.72,0.69,2.27,1.06,5.36,21
6/20/2024 17:00,27.05,70.42,101.35,0.94,0.99,2.8,5.69,25
6/20/2024 18:00,18.97,44.29,101.5,0.66,2.9,0.4,4.12,23
6/20/2024 19:00,20.41,66.64,100.97,0.2,2.24,1.23,6.98,23
6/20/2024 20:00,17.45,49.73,100.88,0.22,2.01,2.83,6.49,20
6/20/2024 21:00,18.55,53.36,101.7,0.77,2,3.09,8.85,21
6/20/2024 22:00,22.41,43.44,101.33,0.87,1.9,1.32,1.44,24
6/20/2024 23:00,23.67,75.78,100.89,0.08,2.18,3.65,1.82,22
6/21/2024 0:00,20.56,80.17,101.12,0.67,2.73,2.3,0.84,22
6/21/2024 1:00,27.72,55.62,101.4,0.35,2.02,3.59,7.78,21
6/21/2024 2:00,18.17,67.52,101.79,0.98,1.18,2.19,3.52,24
6/21/2024 3:00,23.76,70.32,100.92,0.72,2.42,1.48,0.27,23
6/21/2024 4:00,21.5,65.42,100.92,0.38,1.37,1.93,4.95,21
6/21/2024 5:00,26.02,82.22,101.39,0.24,1.55,0.86,5.15,22
6/21/2024 6:00,19.66,73.37,100.97,0.66,1.43,3.26,4.44,23
6/21/2024 7:00,16.63,40.1,101.42,0.67,1.39,3.6,7.01,23
6/21/2024 8:00,17.59,85.05,100.81,0.45,1.41,2.55,6.25,25
6/21/2024 9:00,20.47,71.63,101.57,0.13,1.28,0.14,0.29,20
6/21/2024 10:00,18.74,74.31,101.66,0.59,2.63,0.9,1.9,21
6/21/2024 11:00,19.16,84.51,101.59,0.05,1.05,0.89,4.63,22
6/21/2024 12:00,24.93,76.59,101.02,0.03,2.57,2.35,9.18,25
6/21/2024 13:00,24.78,68.66,100.97,0.46,1.78,2.34,3.37,25
6/21/2024 14:00,21.63,89.78,101.49,0.26,2.23,0.18,3.01,23
6/21/2024 15:00,23.65,74.23,101.43,0.47,1.11,1.58,2.7,20
6/21/2024 16:00,25.17,74.34,100.87,0.87,1.83,3.36,7.09,21
6/21/2024 17:00,26.98,72.94,100.91,0.22,1.18,2.79,0.6,23
6/21/2024 18:00,16.81,57.33,101.38,0.33,2.12,2.7,0.39,22
6/21/2024 19:00,17,81.85,100.86,0.53,2.39,1.4,0.5,21
6/21/2024 20:00,16.97,48.23,101.13,0.21,1.34,3.75,7.39,24
6/21/2024 21:00,23.57,59.56,101.12,0.85,1.07,1.99,3.11,21
6/21/2024 22:00,22.9,54.07,101.39,0.02,1.56,0.67,6.33,20
6/21/2024 23:00,19.66,45.81,100.86,0.6,2.48,1.67,3.72,21
6/22/2024 0:00,27.37,45.09,100.81,0.77,1.25,3.46,7.94,23
6/22/2024 1:00,17.38,52.69,101.53,0.84,1.09,2.29,0.25,23
6/22/2024 2:00,25.15,70.29,101.06,0.95,1.95,0.9,1.04,23
6/22/2024 3:00,21.13,46.86,101.49,0.48,1.1,2.6,0.26,24
6/22/2024 4:00,17.71,83.06,100.93,0.57,1.22,2.19,2.99,25
6/22/2024 5:00,26.94,67.25,101.68,0.23,1.47,2.66,9.21,22
6/22/2024 6:00,19.73,42.69,101.27,0.76,1.64,0.73,3.15,21
6/22/2024 7:00,23.11,65.08,101.79,0.49,1.84,3.61,5.24,25
6/22/2024 8:00,17.97,65.08,101.17,0.52,1.73,2.64,5.05,25
6/22/2024 9:00,22.83,66.17,101.77,0.73,2.28,0.5,6.92,21
6/22/2024 10:00,25.78,82.68,101.28,0.45,2.24,2.48,1.14,23
6/22/2024 11:00,20,52.93,101.25,0.26,1.89,3.93,7.48,21
6/22/2024 12:00,27.65,79.33,101.1,0.66,1.61,2.07,2.26,25
6/22/2024 13:00,17.41,80.95,101.22,0.18,1.32,1.4,9.22,24
6/22/2024 14:00,26.36,58.98,101.49,0.04,1.9,3.76,8.53,25
6/22/2024 15:00,23.88,72.3,101.38,0.76,1.38,0.85,0.79,21
6/22/2024 16:00,16.16,40.68,100.92,0.41,1.1,2.67,2.74,20
6/22/2024 17:00,22.51,64.85,101.01,0.53,2.73,1.43,8.61,24
6/22/2024 18:00,21.39,64.89,100.81,0.7,2.67,3.15,2.51,21
6/22/2024 19:00,23.35,58.01,101.19,0.42,1.2,3.9,4.72,22
6/22/2024 20:00,22.19,85.5,101.7,0.49,2.6,2.08,1.42,21
6/22/2024 21:00,27.11,52.39,101.32,0.33,1.11,1.95,2.22,23
6/22/2024 22:00,25.41,85.65,101.25,0.8,1.34,1.49,6.54,20
6/22/2024 23:00,27.61,57.54,101.56,0.82,1.13,1.19,3.88,25
6/23/2024 0:00,23.55,46.85,100.97,0.91,1.03,0.14,6.9,21
6/23/2024 1:00,25.69,89.45,101.5,0.4,1.42,2.02,6.17,24
6/23/2024 2:00,27.96,63.07,101.08,0.05,1.24,2.05,3.3,22
6/23/2024 3:00,24.08,64.39,101.22,0.57,1.53,3.28,1.26,22
6/23/2024 4:00,21.16,73.07,101.62,0.09,2.2,1.86,3.24,23
6/23/2024 5:00,27.14,60.65,101.35,0.36,1.74,0.27,2.96,25
6/23/2024 6:00,24.43,47.71,101.66,0.1,1.63,2.81,5.45,20
6/23/2024 7:00,19.91,87.9,101.21,0.62,1.58,0.31,1.46,20
6/23/2024 8:00,21.6,89.04,101.7,0.72,1.34,3.93,4.84,22
6/23/2024 9:00,25.63,82.62,100.98,0.49,1.85,2.78,4.25,21
6/23/2024 10:00,26.55,74.67,101.54,0.67,2.38,1.62,4.63,24
6/23/2024 11:00,22.12,66.37,101.23,0.41,2.13,3.43,0.7,22
6/23/2024 12:00,16.06,53.19,101.11,0.91,1.05,0.21,6.66,25
6/23/2024 13:00,20.47,64.43,101.6,0.61,2.66,2.47,9.38,23
6/23/2024 14:00,20.82,59.05,101.58,0.09,2.54,1.97,6.25,21
6/23/2024 15:00,16.66,57.13,101.76,0.88,2.87,2.42,5.74,23
6/23/2024 16:00,17.25,57.57,101.77,0.73,2.24,3.35,9.83,23
6/23/2024 17:00,27.14,46.29,101.13,0.75,1.07,0.17,5.38,21
6/23/2024 18:00,17.98,63.77,101.76,0.19,1.81,3.43,8.22,25
6/23/2024 19:00,22.19,76.6,101.52,0.19,1.9,1.33,0.75,22
6/23/2024 20:00,19.96,41.26,101.18,0.14,2.14,0.64,1.88,20
6/23/2024 21:00,16.16,85.92,101.71,0.2,1.22,0.65,8.55,20
6/23/2024 22:00,22.52,75.22,100.94,0.86,1.28,0.5,0.5,22
6/23/2024 23:00,22.39,89.47,101.51,0.24,2.9,0.13,2.51,24
6/24/2024 0:00,23.13,77.53,100.96,0.32,1.25,2.59,5.81,24
6/24/2024 1:00,26.78,61.68,101.58,0.59,2.12,2.56,7.72,22
6/24/2024 2:00,21.03,57.69,101.24,0.68,1.68,3.57,0.81,21
6/24/2024 3:00,27.94,71.6,101.08,0.21,2.86,3.34,5.82,20
6/24/2024 4:00,25.87,43.34,101.28,0.55,2.83,2.58,3.33,24
6/24/2024 5:00,16.13,57.24,101.35,0.2,2.54,0.97,9.37,22
6/24/2024 6:00,18.28,40.45,101.02,0.68,2.07,0.13,1.86,23
6/24/2024 7:00,25.61,74.2,101.55,0.39,2.65,0.67,4.26,25
6/24/2024 8:00,23.73,84.81,101.1,0.26,2.38,1.95,0.53,21
6/24/2024 9:00,20.44,50.08,101.76,0.84,2.81,3.49,8.9,21
6/24/2024 10:00,24.52,43.86,101.07,0.35,1.85,1.05,2.77,23
6/24/2024 11:00,18.7,61.44,101.17,0.54,2.34,1.34,5.89,25
6/24/2024 12:00,24.21,79.67,100.87,0.39,2.73,2.66,7.64,24
6/24/2024 13:00,19.42,60.26,101.51,0.17,1.01,0.66,3.82,21
6/24/2024 14:00,16.78,53.79,101.37,0.9,1.73,2.56,2.13,25
6/24/2024 15:00,23.79,50.9,101.23,0.4,2.61,3.96,4.18,20
6/24/2024 16:00,25.94,61.83,101.37,0.49,2.41,0.52,7.03,20
6/24/2024 17:00,17.61,69.02,100.83,0.57,1.5,1.74,3,24
6/24/2024 18:00,25.52,66.39,101.03,0.18,1.27,1.41,7.51,22
6/24/2024 19:00,27,77.33,100.96,0.78,2.56,1.11,6.85,20
6/24/2024 20:00,18.11,69.49,101.25,0.57,2.36,0.15,2.88,20
6/24/2024 21:00,24.25,66.91,101.55,0.72,1.21,1.17,5.53,20
6/24/2024 22:00,27.67,63.64,101.19,0.33,2.82,1.52,8.3,20
6/24/2024 23:00,20.66,77.48,101.51,0.21,2.1,0.82,8.74,24
6/25/2024 0:00,26.7,73.83,101.17,0.3,1.65,2.21,6.68,23
6/25/2024 1:00,17.55,89.01,101.31,0.46,1.92,3.59,7.28,25
6/25/2024 2:00,22.28,60.68,101.05,0.07,2.76,0.85,5.46,21
6/25/2024 3:00,17.54,73.23,101,0.43,1.36,2.7,3.51,25
6/25/2024 4:00,17.84,86.96,101.06,0.75,1.88,3.22,6.16,22
6/25/2024 5:00,25.45,56.32,101.32,0.47,1.62,1.52,0.34,20
6/25/2024 6:00,25.25,73.46,101.33,0.02,1.05,0.31,6.73,20
6/25/2024 7:00,26.75,44.24,101.39,0.5,1.33,3.36,4.97,24
6/25/2024 8:00,16.68,63.79,101.23,0.47,1.31,2.52,2.89,23
6/25/2024 9:00,21.7,73.63,101.25,0.8,2.64,3.73,6.08,20
6/25/2024 10:00,20.74,76.47,101.11,0.29,1.77,1.52,0.67,23
6/25/2024 11:00,19.99,85.73,101.62,0.01,1.78,1.66,5.25,20
6/25/2024 12:00,18.35,50.04,101.66,0.98,1.32,2.25,9.4,25
6/25/2024 13:00,27.87,87.08,101.4,0.82,1.65,3.75,8.64,23
6/25/2024 14:00,19.8,61.67,100.82,0.36,2.35,0.46,7.98,21
6/25/2024 15:00,22.51,80.61,100.94,0.7,1.26,3.7,9.03,22
6/25/2024 16:00,23.17,62.74,100.98,0.41,2.76,3.8,9.79,24
6/25/2024 17:00,21.58,64.15,101.13,0.84,2.32,3.24,1.88,20
6/25/2024 18:00,23.29,41.28,101.12,0.3,2.58,0.99,2.94,24
6/25/2024 19:00,24.07,72.96,101.57,0.81,1.84,1.02,0.67,25
6/25/2024 20:00,24.54,80.76,101.15,0.26,2.73,0.58,9.15,23
6/25/2024 21:00,16.08,57.1,101.79,0.03,1.8,2.49,1.63,23
6/25/2024 22:00,23.9,67.74,101.76,0.91,2.59,1.45,7.77,22
6/25/2024 23:00,17.45,86.41,101.78,0.93,1.04,3.61,5.31,23
6/26/2024 0:00,22.48,86.09,101.31,0.55,2.72,1.35,5.9,21
6/26/2024 1:00,17.27,81.79,101.51,0.2,1.85,2.32,3.98,25
6/26/2024 2:00,20.6,87,101.25,0.87,1.17,0.46,5.13,21
6/26/2024 3:00,21.53,70.63,100.83,0.38,2.88,2.05,4.32,22
6/26/2024 4:00,27.27,54.29,100.82,0.4,1.61,3.77,1.52,25
6/26/2024 5:00,16.25,85.9,101.1,0.74,2.34,1.32,2.32,24
6/26/2024 6:00,27.38,71.41,101.38,0.41,1.02,1.03,4.33,20
6/26/2024 7:00,25.35,79.78,101.24,0.27,2.36,3.93,8.72,23
6/26/2024 8:00,20.81,83.53,101.2,0.15,2.3,1.54,1.98,23
6/26/2024 9:00,18.92,80.79,100.82,0.61,1.87,1.17,0.56,23
6/26/2024 10:00,17.61,56.87,101.69,0.35,1.51,0.47,7.25,21
6/26/2024 11:00,27.75,63.55,100.92,0.93,2.78,1.58,5.22,20
6/26/2024 12:00,23.47,48.92,101.27,0.25,2.49,0.35,8.01,24
6/26/2024 13:00,22.59,79.29,101.69,0.34,2.68,1.44,0.98,20
6/26/2024 14:00,26.65,74.85,101.54,0.15,1.56,2.85,8.59,23
6/26/2024 15:00,26.48,51.12,101.2,0.26,1.78,3.46,2.32,21
6/26/2024 16:00,19.41,50.42,100.82,0.28,1.02,1.01,9.08,22
6/26/2024 17:00,19.55,55.9,101.49,0.72,1.7,0.11,8.38,22
6/26/2024 18:00,19.71,75.59,101.24,0.14,1.02,3.88,7.98,21
6/26/2024 19:00,24.77,64.61,101.08,0.95,1.59,1.12,9.29,21
6/26/2024 20:00,23.09,68.98,101.19,0.05,1.28,2.3,0.78,23
6/26/2024 21:00,23.62,43.74,101.78,0.26,1.73,2.01,2.61,22
6/26/2024 22:00,25.77,84.71,101.35,0.04,1.04,2.27,6.98,24
6/26/2024 23:00,24.28,82.37,101.29,0.3,2.82,1.11,9.86,24
6/27/2024 0:00,17.35,84.06,100.83,0.24,1.45,2.76,8.2,23
6/27/2024 1:00,27.51,42.67,100.84,0.9,1.64,3.57,4.65,25
6/27/2024 2:00,21.74,52.06,100.84,0.92,1.68,2.06,2.68,21
6/27/2024 3:00,25.3,60.49,100.83,0.4,2.22,1.71,2.75,20
6/27/2024 4:00,17.58,77.66,101.57,0.16,1.81,2.5,7.49,20
6/27/2024 5:00,26.8,72.7,101.37,0.11,2.29,1.86,9.06,25
6/27/2024 6:00,18.23,59.78,101.46,0.12,1.81,1.63,8.11,25
6/27/2024 7:00,18.57,67.15,101.13,0.74,2.63,1.97,3.89,23
6/27/2024 8:00,22.16,62.71,101.23,0.02,2.24,1.58,1.91,25
6/27/2024 9:00,22.29,57.78,100.88,0.66,2.07,3.52,6.18,24
6/27/2024 10:00,16.25,46.81,101.69,0.7,2,3.55,2.25,20
6/27/2024 11:00,27.9,57.15,101.09,0.77,1,2.18,8.48,22
6/27/2024 12:00,21.51,75.01,100.94,0.1,2.57,0.16,7.79,25
6/27/2024 13:00,26.89,84.86,101.59,0.49,1.8,0.41,4.72,24
6/27/2024 14:00,20.93,59.32,101.2,0.76,1.61,3.55,2.03,20
6/27/2024 15:00,17.02,44.43,101.76,0.75,2.78,0.18,3.61,23
6/27/2024 16:00,23.11,82.76,101.16,0.5,1.74,0.3,7.22,21
6/27/2024 17:00,26.07,54.6,101.34,0.9,1.17,2.55,6.76,22
6/27/2024 18:00,23.49,71,101.16,0.79,1.19,0.11,9.58,21
6/27/2024 19:00,22.83,50.29,101.35,0.84,1.28,1.36,0.46,23
6/27/2024 20:00,18.21,61.28,101.56,0.54,1.27,3.06,9.61,22
6/27/2024 21:00,16.69,78.06,101.07,0.1,1.73,1,3.62,25
6/27/2024 22:00,17.44,75.43,101.16,0.33,1.13,2.26,9.53,24
6/27/2024 23:00,21.3,65.87,101.8,0.02,1.04,2.2,7.86,20
6/28/2024 0:00,25.98,60.42,101.44,0.87,1.35,0.55,3.87,20
6/28/2024 1:00,21.89,87.66,101.7,0.77,1.22,3.82,8.77,25
6/28/2024 2:00,20.92,53.94,101.62,0.58,2.52,0.53,6.73,23
6/28/2024 3:00,20.15,62.31,101.5,0.83,1.04,1.31,8.42,25
6/28/2024 4:00,24.12,82.93,101.26,0.79,1.35,1.31,7.7,24
6/28/2024 5:00,21.91,53.79,101.19,0.36,1.77,1.27,1.95,23
6/28/2024 6:00,26.95,40.33,100.81,0.78,2.9,1.32,3.38,22
6/28/2024 7:00,21.94,71.08,101.53,0.27,1.11,0.68,9.01,21
6/28/2024 8:00,25.84,46.82,101.28,0.13,1.79,1.73,9.54,20
6/28/2024 9:00,22.24,66.74,101.18,0.18,2.02,0.67,0.38,25
6/28/2024 10:00,25.01,75.82,101.73,0.89,2.59,0.7,1.89,21
6/28/2024 11:00,21.46,55.7,100.9,0.86,1.1,1.44,7.75,21
6/28/2024 12:00,21.24,79.14,101.58,0.28,2.02,3.93,4.25,23
6/28/2024 13:00,20.08,88.07,101.36,0.92,1.35,1.8,3.53,22
6/28/2024 14:00,19.47,55.17,100.81,0.77,1.42,2.02,4.96,20
6/28/2024 15:00,19.62,73.99,101.62,0.84,2.51,0.22,2.16,22
6/28/2024 16:00,17.9,55.96,101.17,0.7,1.8,3.22,1.31,20
6/28/2024 17:00,19.36,79.64,101.64,0.57,1.58,1.56,2.9,21
6/28/2024 18:00,26.93,69.62,101.16,0.24,1.95,2.73,3.38,21
6/28/2024 19:00,18.29,52.46,101.04,0.37,1.65,2.27,0.69,22
6/28/2024 20:00,18.47,78.24,100.97,0.91,1.45,3.01,4.43,25
6/28/2024 21:00,26.22,80.93,100.95,0.73,1.75,2.38,0.8,20
6/28/2024 22:00,26.78,86.22,101.08,0.96,2.03,1.67,0.54,23
6/28/2024 23:00,26.44,60.91,101.71,0.41,2.56,3.03,1.97,22
6/29/2024 0:00,27.05,42.77,101.79,0.86,2.79,2.68,8.01,25
6/29/2024 1:00,17,55.29,100.99,0.27,2.12,2.3,3.3,20
6/29/2024 2:00,16.76,59.46,100.9,0.18,2.41,3.73,2.35,22
6/29/2024 3:00,25.16,50.11,101.69,0.99,2.54,2.56,2.9,23
6/29/2024 4:00,17.35,69.81,100.84,0.78,2.4,0.26,2.24,22
6/29/2024 5:00,26.58,80.99,101.27,0.81,2.62,2.74,3.24,21
6/29/2024 6:00,26.02,80.46,101.24,0.89,2.87,1.45,4.43,25
6/29/2024 7:00,20.4,44.24,101.1,0.61,1.96,1.07,1.9,23
6/29/2024 8:00,16.91,75.87,101.67,0.8,1.98,0.73,5.6,21
6/29/2024 9:00,23.11,78.28,100.89,0.63,2.73,1.46,7.71,24
6/29/2024 10:00,27.43,44.54,101.24,0.25,2.58,0.42,0.68,22
6/29/2024 11:00,19.88,60.47,100.89,0.87,2.46,2.06,6.22,22
6/29/2024 12:00,22.28,68.81,100.84,0.64,2.38,2.3,4.73,21
6/29/2024 13:00,18.68,46.25,100.86,0.48,2.5,3.93,0.85,20
6/29/2024 14:00,19.03,73.49,100.95,0.5,2.48,0.88,3.79,25
6/29/2024 15:00,22.61,57.2,101.19,0.25,2.11,2.98,5.45,23
6/29/2024 16:00,20.74,44.34,101.19,0.27,1.97,1.3,6.39,23
6/29/2024 17:00,24.7,89.83,101.35,0.39,2.6,1.64,3.53,24
6/29/2024 18:00,18.6,42.84,101.01,0.53,1.87,3.95,3.98,23
6/29/2024 19:00,18.82,50.6,101.37,0.23,2.58,0.52,6.61,21
6/29/2024 20:00,22.27,87.81,101.76,0.89,1.42,3.06,6.16,24
6/29/2024 21:00,20.46,60.39,101.34,0.2,1.19,2.07,6.14,20
6/29/2024 22:00,24.74,55.21,101.74,0.97,2.8,3.75,3.63,25
6/29/2024 23:00,24.48,86.54,101.19,0.78,1.6,2.34,9.26,23
6/30/2024 0:00,21.29,43.04,101.56,0.03,1.96,0.39,3.1,21
6/30/2024 1:00,18.31,43.17,101.21,0.04,2.87,0.37,4.88,25
6/30/2024 2:00,25.38,87.09,101,0.36,1.74,1.44,8.16,24
6/30/2024 3:00,27.19,59.47,101.03,0.47,2.46,1.05,3.83,20
6/30/2024 4:00,22.21,66.28,101.12,0.3,2.45,3.29,6.86,23
6/30/2024 5:00,24.42,83.2,101.22,0.65,1.94,1.92,6.28,20
6/30/2024 6:00,26.51,60.66,101.2,0.01,1.73,0.91,2.18,22
6/30/2024 7:00,24.85,48.77,101.06,0.81,1.29,3.78,6.56,22
6/30/2024 8:00,16.07,88.58,101.25,0.56,2.09,2.12,5.53,20
6/30/2024 9:00,22.33,47.16,101.36,0.76,1.07,3.35,8,24
6/30/2024 10:00,17.7,57.59,101.73,0.23,2.36,2.2,9.69,25
6/30/2024 11:00,21.39,88.75,100.89,0.94,2.66,1.94,2.46,22
6/30/2024 12:00,18.34,42.34,101.19,0.08,2.63,3.79,7.2,24
6/30/2024 13:00,16.43,54.02,100.95,0.9,1.64,1.47,8.51,24
6/30/2024 14:00,18.91,46.17,101.21,0.57,1.05,3.14,3.5,22
6/30/2024 15:00,22.1,86.57,101.33,0.55,2.19,2.69,4.11,21
6/30/2024 16:00,16.67,63.8,101.11,0.49,1.37,3.38,9.66,25
6/30/2024 17:00,23.55,61.66,101.73,0.2,2.34,1.85,0.42,24
6/30/2024 18:00,26.41,85.74,101.07,0.96,1.08,0.13,1.49,25
6/30/2024 19:00,26.75,80.96,101.16,0.55,2.21,3.42,7.83,24
6/30/2024 20:00,18.09,46.07,101.71,0.32,1.23,3.63,1.75,20
6/30/2024 21:00,17.37,46.17,101.01,0.45,2.46,1.49,4.31,21
6/30/2024 22:00,20.86,61.73,101.54,0.46,2.54,2.65,7.42,23
6/30/2024 23:00,21.64,44.16,101.58,0.94,1.76,2.27,8.42,24
7/1/2024 0:00,20.94,53.46,100.94,0.44,2.66,3.6,9.72,21
7/1/2024 1:00,24.54,41.91,100.8,0.43,1.92,3.97,7.39,25
7/1/2024 2:00,26.8,64.77,101.75,0.82,1.01,3.98,1.86,24
7/1/2024 3:00,26.95,46.18,101.6,0.91,2.49,2.77,9.28,22
7/1/2024 4:00,22.41,61,101.72,0.63,1.46,0.7,2.37,25
7/1/2024 5:00,20.69,44.31,101.27,0.66,1.19,3.14,3.99,23
7/1/2024 6:00,26.45,55.76,101.49,0.5,1.8,1.04,8.35,24
7/1/2024 7:00,25.6,49.31,101.53,0.69,2.65,2.42,8.27,21
7/1/2024 8:00,16.86,56,101.6,0.09,2.82,2.4,5.7,21
7/1/2024 9:00,26.25,69.31,101.03,0.12,2.89,0.14,6.71,20
7/1/2024 10:00,25.31,68.83,100.99,0.9,1.15,2.56,5.87,24
7/1/2024 11:00,19.21,61.71,100.96,0.15,2.01,1.76,1.66,24
7/1/2024 12:00,27.45,59.24,100.95,0.28,1.69,1.13,5.62,22
7/1/2024 13:00,26.21,87.89,101.15,0.76,2.9,2.33,6.4,22
7/1/2024 14:00,19.79,76.37,101.16,0.72,1.4,3.64,3.14,23
7/1/2024 15:00,16.47,53.07,101.35,0.78,2.9,1.27,7.56,21
7/1/2024 16:00,22.47,67.08,101.62,0.8,2.79,0.22,1.88,24
7/1/2024 17:00,25.9,85.31,101.42,0.18,2.27,1.01,5.13,23
7/1/2024 18:00,25.19,61.01,101.58,0.22,2.05,1.37,2.81,21
7/1/2024 19:00,20.8,76.8,101.78,0.43,1.63,3.16,5.65,24
7/1/2024 20:00,26.64,89.35,101.56,0.19,2.4,0.39,1.77,21
7/1/2024 21:00,19.47,65.58,101.4,0.7,1.61,2.89,0.31,25
7/1/2024 22:00,20.27,85.43,100.85,0.37,2.7,1.82,6.08,23
7/1/2024 23:00,19.38,62.84,101.58,0.49,1.55,2.76,1.09,25
7/2/2024 0:00,21.53,88.95,101.18,0.55,1.47,2.99,0.97,20
7/2/2024 1:00,20.65,63.08,101.45,0.79,2.04,1.97,2.94,21
7/2/2024 2:00,18.35,50.6,101.41,0.3,2.26,0.37,2.28,24
7/2/2024 3:00,27.56,73.56,101.14,0.33,1.23,3.1,4.11,25
7/2/2024 4:00,18.07,70.85,100.81,0.82,1.76,2.85,4.73,23
7/2/2024 5:00,24.96,73.63,101.37,0.63,2.4,1.86,6.8,23
7/2/2024 6:00,25.8,77.17,101.57,0.21,1.45,0.44,3.63,24
7/2/2024 7:00,26.49,85.09,101.4,0.92,1.92,0.28,6.67,24
7/2/2024 8:00,27.83,77.27,100.89,0.1,2.77,2.9,0.55,21
7/2/2024 9:00,22.69,77.01,101.36,0.42,2.19,3.73,0.3,20
7/2/2024 10:00,22.7,54.18,101.6,0.71,1.94,2.16,0.65,20
7/2/2024 11:00,21.96,47.67,101.48,0.14,2.79,1.68,7.99,22
7/2/2024 12:00,27.83,67.04,101.45,0.37,2.08,3.59,4.24,20
7/2/2024 13:00,16.66,89.5,101.4,0.15,1.41,3.9,0.83,21
7/2/2024 14:00,24.47,62.66,101.2,0.6,1.63,2.12,6.14,22
7/2/2024 15:00,21.29,67.38,101.56,0.22,1.62,0.8,3.83,22
7/2/2024 16:00,18.85,67.55,101.07,0.93,1.61,3.85,6.94,20
7/2/2024 17:00,22.53,58.16,101.19,0.86,1.18,0.57,6.95,22
7/2/2024 18:00,26.42,85.08,100.88,0.41,2.44,3.56,2.25,22
7/2/2024 19:00,25.64,42.23,101.64,0.28,2.44,1.83,4.79,24
7/2/2024 20:00,21.13,85.35,100.93,0.81,2.21,1.88,4.72,20
7/2/2024 21:00,18.64,76.61,100.99,0.99,1.25,0.79,6.91,24
7/2/2024 22:00,25.76,52.36,101.55,0.51,1.81,3.87,6.82,21
7/2/2024 23:00,22.25,64.35,100.83,0.16,1.6,1.21,5.87,21
7/3/2024 0:00,26.78,52.41,101.57,0.17,2.64,3.45,5.8,23
7/3/2024 1:00,23.38,82.11,101.37,0.97,2.41,3.97,9.03,20
7/3/2024 2:00,27.22,60.23,101.74,0.18,1.43,1.66,5.68,24
7/3/2024 3:00,22.6,53.35,100.81,0.12,1.81,0.96,1.77,22
7/3/2024 4:00,18,41.2,100.94,0.31,1.5,1.21,3.15,24
7/3/2024 5:00,26.45,62.38,101,0.27,1.31,3.42,7.21,23
7/3/2024 6:00,17.76,82.41,100.96,0.66,1,0.97,4.72,22
7/3/2024 7:00,19.51,68.84,100.83,0.87,1.8,3.36,6.46,21
7/3/2024 8:00,20.28,61.63,101.04,0.87,1.8,0.33,5.38,20
7/3/2024 9:00,27.7,60.68,101.74,0.1,1.89,1.03,9.9,20
7/3/2024 10:00,16.93,80.19,101.58,0.01,2.76,3.35,3.18,20
7/3/2024 11:00,18.56,66.36,101.34,0.91,1.48,1.97,4.47,20
7/3/2024 12:00,19.58,50.87,101.61,0.38,1.59,1.22,4.98,21
7/3/2024 13:00,25.48,54.83,101.29,0.39,2.25,3.87,6.46,25
7/3/2024 14:00,22.99,65.34,101.73,0.47,1.49,3.24,5.87,25
7/3/2024 15:00,16.95,43.67,101.18,0.12,2.48,3.29,8.1,25
7/3/2024 16:00,24.89,52.51,101.28,0.32,1.07,2.42,3.57,25
7/3/2024 17:00,18.59,40.89,100.86,0.08,1.57,1.18,1.44,22
7/3/2024 18:00,21.07,83.45,101.54,0.3,2.68,0.19,4.47,24
7/3/2024 19:00,27.44,56.2,101.29,0.86,1.57,2.21,1.82,20
7/3/2024 20:00,18.94,88.59,101.62,0.95,2.75,3.74,7.77,21
7/3/2024 21:00,17.6,65.85,101.07,0.92,2.2,2.55,2.85,24
7/3/2024 22:00,24.87,45.79,100.86,0.85,1.79,0.92,7.11,20
7/3/2024 23:00,23.87,69.4,101.42,0.57,2.76,1.32,9.37,25
7/4/2024 0:00,19.26,57.81,101.44,0.83,1.79,0.39,1.86,24
7/4/2024 1:00,27.11,54.7,101.39,0.82,0.99,2.54,7.58,20
7/4/2024 2:00,16.66,49.61,101.76,0.96,1.38,3.2,8.31,22
7/4/2024 3:00,25.78,43.24,101.78,0.56,1.15,2.63,6.39,20
7/4/2024 4:00,18.54,79.9,101.27,0.02,2.8,2.64,9.65,24
7/4/2024 5:00,26.69,43.49,101.63,0.7,1.05,3.02,6.23,22
7/4/2024 6:00,20.87,67.79,101.08,0.86,2.38,1.89,7.19,23
7/4/2024 7:00,16.05,86.1,101.16,0.83,2.7,3.67,6.38,24
7/4/2024 8:00,21.19,45.07,101.65,0.16,2.48,3.61,8.91,22
7/4/2024 9:00,25.03,57.27,100.83,0.02,1.09,2.33,3.65,24
7/4/2024 10:00,27.47,45.94,100.94,0.28,2.31,0.93,2.61,25
7/4/2024 11:00,16.02,58.3,101.43,0.51,1.01,3.01,8.9,24
7/4/2024 12:00,22.55,44.89,101.74,0.5,1.15,3.87,7.77,24
7/4/2024 13:00,23.52,80.26,101.79,0.67,2.41,2.29,6.35,20
7/4/2024 14:00,25.43,72.96,101.43,0.52,2.12,1.31,9.26,22
7/4/2024 15:00,18.04,71.09,101.04,0.24,1.13,3.87,3.22,22
7/4/2024 16:00,21.2,71.9,101.2,0.73,1.79,1.61,7.22,22
7/4/2024 17:00,24.99,51.65,100.81,0.11,1.13,0.76,2.06,22
7/4/2024 18:00,27.48,50.61,101.04,0.54,1.34,3.99,1.61,25
7/4/2024 19:00,19.66,84.6,100.96,0.03,1.28,3.79,9.62,20
7/4/2024 20:00,22.66,53.5,101.5,0.13,1.1,3.1,3.81,22
7/4/2024 21:00,22.31,78.1,100.88,0.5,2.47,3.4,0.68,22
7/4/2024 22:00,26.44,57.77,101.02,0.48,1.94,0.82,9.56,23
7/4/2024 23:00,18,79.58,101.14,0.4,2.52,0.8,4.99,25
7/5/2024 0:00,26.99,65.25,101.17,0.11,1,1.55,6.7,20
7/5/2024 1:00,25.67,76.11,101.29,0.22,1.95,0.84,1.52,20
7/5/2024 2:00,19.72,61.45,101.18,0.95,1.36,2.46,6.67,25
7/5/2024 3:00,26.05,89.26,101.29,0.88,2.47,0.27,0.58,24
7/5/2024 4:00,20.3,70.17,101.73,0.04,1.19,2.06,2.62,22
7/5/2024 5:00,22.23,47.44,101.04,0.63,1.53,3.89,1.91,25
7/5/2024 6:00,23.32,83.23,101.58,0.69,2.52,2.4,8.51,25
7/5/2024 7:00,17.39,44.97,100.95,0.53,2.57,0.59,9.47,24
7/5/2024 8:00,23.73,80.78,101.64,0.14,1.95,0.94,8.15,24
7/5/2024 9:00,17.77,89.18,101.22,0.1,2.65,1.62,9.68,21
7/5/2024 10:00,25.67,85.39,100.88,0.92,2.58,3.06,1.83,24
7/5/2024 11:00,23.86,55.17,101.72,0.13,2.15,3.79,8.01,25
7/5/2024 12:00,16.97,84.99,101.59,0.92,2.75,1.6,8.36,22
7/6/2024 3:00,20.23,69.5,101.38,16.32,18.09,17.61,16.94,23
7/6/2024 4:00,20.15,73.75,101.43,17.86,18.43,18.81,19.76,23
7/6/2024 5:00,22.45,70.94,101.65,17.4,16.87,18.75,16.03,23
7/6/2024 6:00,21.64,74.17,101.04,17.92,18.33,18.67,16.17,20
7/6/2024 7:00,21.52,65.89,101.54,16.61,16.34,16.02,16.62,20
7/6/2024 8:00,21.13,62.66,100.95,17,18.03,16.26,18.26,24
7/6/2024 9:00,23.75,71.59,101.72,17.32,17.7,17.11,19.19,25
7/6/2024 10:00,23.91,69.81,101.27,17.86,17,17.47,16.97,21
7/6/2024 11:00,22.69,66.91,101.02,16.61,17.64,18.5,18.56,25
7/6/2024 12:00,20.24,67.59,100.98,16.25,16.88,18.99,18.23,24
7/6/2024 13:00,23.19,74.35,101.23,17.38,17.14,18.65,17.36,21
7/6/2024 14:00,23.15,75.52,101.49,16.81,18.27,18.61,18.63,22
7/6/2024 15:00,20.53,75.86,101.41,16.76,18.42,18.2,19.73,24
7/6/2024 16:00,23.15,66.18,101.76,17.42,17.84,16.29,18.47,20
7/6/2024 17:00,22.86,79.9,101.67,16.44,17.81,16.81,17.76,23
7/6/2024 18:00,20.11,72.9,101.57,17.85,17.7,16.64,18.39,61
7/6/2024 19:00,23,60.51,101.51,17.36,17.39,17.86,18,50
7/6/2024 20:00,21.18,63.54,100.97,17.82,17.24,16.42,17.06,42
7/6/2024 21:00,21,67.73,100.89,17.82,17.92,16.13,16.84,54
7/6/2024 22:00,23.05,68.1,101.21,17.21,16.36,18.3,18.09,59
7/6/2024 23:00,23.49,60.35,100.93,17.43,17.2,16.7,16.16,67
7/7/2024 0:00,21.53,63.57,101.6,17.69,16.35,17.3,16.02,48
7/7/2024 1:00,21.14,65.79,101.71,16.37,16.32,18.42,19.3,63
7/7/2024 2:00,23.52,75.41,101.32,17.44,16.56,16.12,19.38,40
7/7/2024 3:00,23.88,77.06,101.46,17.32,16.54,18.1,18.95,64
7/7/2024 4:00,23.43,76.17,101.78,17.92,17.87,16.49,16.2,40
7/7/2024 5:00,23.87,70.53,101.6,16.23,17.54,18.68,18,66
7/7/2024 6:00,22.46,69.36,101.13,16.5,17,16.55,16.62,63
7/7/2024 7:00,20.13,66.04,101.58,16.73,16.59,18.05,19.12,41
7/7/2024 8:00,20.31,65.65,101.07,16.39,17.98,18.42,18.41,66
7/7/2024 9:00,22.42,62.18,100.9,17.86,17.4,18.53,19.29,68
7/7/2024 10:00,22.28,72.41,101.13,16.2,18.28,18.21,19.47,53
7/7/2024 11:00,23.08,73.08,101.42,17.85,18.37,17.96,18.3,70
7/7/2024 12:00,22.33,66.23,101.06,17.76,18.48,17.8,17.86,56
7/7/2024 13:00,20.82,71.76,101.47,16.12,18.16,18.49,18.31,56
7/7/2024 14:00,20.55,67.09,101.32,17.91,16.25,17.45,19.37,54
7/7/2024 15:00,23.71,63.63,101.21,16.1,17.41,16.26,19.26,70
7/7/2024 16:00,22.64,72.13,101.22,16.03,18.49,17.5,19.52,69
7/7/2024 17:00,23.18,71.01,101.65,16.84,16.54,18.99,16.88,49
7/7/2024 18:00,20.71,71.27,101.39,17.18,17.23,16.27,17.53,49
7/7/2024 19:00,23.71,71.27,101.16,17.48,17.75,18.54,17.37,44
7/7/2024 20:00,20.07,79.89,101.51,17.05,17.03,16.25,16.93,57
7/7/2024 21:00,22.72,76.24,101.54,17.45,16.36,18.98,16.11,50
7/7/2024 22:00,23.54,70.36,101.42,17.94,17.7,16.86,19.04,61
7/7/2024 23:00,22.16,66.79,101.67,17.64,17.65,18.45,17.52,63
7/8/2024 0:00,22.72,65.21,101.37,17.33,16.7,17.09,18.86,48
7/8/2024 1:00,20.77,74.3,101.69,16.99,17.71,18.53,18.69,63
7/8/2024 2:00,23.66,79.39,101.11,16.41,17.17,18.83,19.7,64
7/8/2024 3:00,23.28,72.66,101.07,17.64,17.82,16.96,16.86,40
7/8/2024 4:00,23.17,60.7,101.3,17.98,16.37,16.94,18.77,61
7/8/2024 5:00,22.37,61.78,101.71,17.46,16.73,18.96,19.96,61
7/8/2024 6:00,20.29,61.25,101.18,17.51,17.42,18.8,19.4,41
7/8/2024 7:00,21.55,79.48,101.02,16.65,16.82,16.16,17.17,42
7/8/2024 8:00,22.48,69.13,101,17.06,17.1,16.97,17.16,70
7/8/2024 9:00,20.04,65.24,101.33,17.03,16.84,17.38,18.28,53
7/8/2024 10:00,22.21,71.24,101.33,17.63,16.95,18.58,18.89,53
7/8/2024 11:00,21.45,64.36,101.53,16.17,17.35,17.18,17.35,61
7/8/2024 12:00,20.9,66.57,101.37,17.9,16.68,18.48,17.42,54
7/8/2024 13:00,22.26,69.25,101.62,16.67,17.85,17.6,17.83,58
7/8/2024 14:00,20.16,73.86,101.08,17.28,18.01,17.12,18.54,51
7/8/2024 15:00,23.13,62.27,101.71,18,17.48,16.03,19.55,67
7/8/2024 16:00,22.89,66.54,100.87,16.94,17.86,18.59,18.27,53
7/8/2024 17:00,20.83,78.7,101.3,16.51,17.61,17.76,19.7,47
7/8/2024 18:00,22.11,63.98,101,17.91,17.28,16.28,16.59,47
7/8/2024 19:00,20.29,66.82,100.83,16.76,17.5,18.89,19.55,48
7/8/2024 20:00,20.73,65.42,101.8,16.22,16.75,16.82,16.45,64
7/8/2024 21:00,20.31,65.51,100.84,17.45,16.97,17.13,16.2,55
7/8/2024 22:00,22.93,66.35,101.72,17.86,18.22,16.06,19.17,63
7/8/2024 23:00,22.84,72.29,100.82,16.66,16.8,18.09,17.99,65
7/9/2024 0:00,21.23,74.43,100.91,16.16,17.49,17.38,18.76,53
7/9/2024 1:00,23.34,70.06,101.28,17.38,16.74,16.12,16.89,53
7/9/2024 2:00,23.89,77.51,100.91,17.7,16.24,17.53,17.33,42
7/9/2024 3:00,22.07,67.44,101.65,17.59,16.77,18.96,17.13,61
7/9/2024 4:00,20.18,68.54,101.57,16.46,17.72,18.64,18.33,40
07/11/2024 03:00,22.89,79.43,101.3,31.65,40.75,11.67,35.73,61
07/11/2024 04:00,22.44,75.35,101.3,10.01,12.26,7.24,18.23,37
07/11/2024 05:00,22.32,76.14,101.3,34.55,37.16,20.95,38.35,58
07/11/2024 06:00,22.89,78.76,101.31,44.13,27.8,34.56,13.11,84
07/11/2024 07:00,22.59,78.99,101.3,10.29,38.52,48.35,26.87,43
07/11/2024 08:00,22.83,79.08,101.31,37.33,10.34,35.16,18.21,67
07/11/2024 09:00,22.15,76.0,101.31,12.48,40.67,9.1,15.13,46
07/11/2024 10:00,22.76,79.04,101.3,29.2,27.85,44.82,18.3,60
07/11/2024 11:00,22.71,80.15,101.31,24.3,13.36,47.66,11.85,66
